# 2025-03-27 23:13:37
# run hook: build allsave

============================================
TARGET_KERNEL_ARCH=arm
TARGET_CHIP_FAMILY=rv1126_rv1109
TARGET_CHIP=rv1126_rv1109
TARGET_UBOOT_CONFIG=rv1126
TARGET_SPL_CONFIG=
TARGET_KERNEL_CONFIG=rv1126_defconfig
TARGET_KERNEL_DTS=rv1126-evb-ddr3-v12
TARGET_BUILDROOT_CONFIG=rockchip_rv1126_rv1109
TARGET_RECOVERY_CONFIG=rockchip_rv1126_rv1109_recovery
TARGET_PCBA_CONFIG=rockchip_rv1126_rv1109_pcba
TARGET_RAMBOOT=
============================================
============Start building uboot============
TARGET_UBOOT_CONFIG=rv1126
=========================================
grep: .config: No such file or directory
## make rv1126_defconfig -j24
  HOSTCC  scripts/basic/fixdep
  HOSTCC  scripts/kconfig/conf.o
  SHIPPED scripts/kconfig/zconf.tab.c
  SHIPPED scripts/kconfig/zconf.lex.c
  SHIPPED scripts/kconfig/zconf.hash.c
  HOSTCC  scripts/kconfig/zconf.tab.o
  HOSTLD  scripts/kconfig/conf
#
# configuration written to .config
#
scripts/kconfig/conf  --silentoldconfig Kconfig
  CHK     include/config.h
  UPD     include/config.h
  CFG     u-boot.cfg
  GEN     include/autoconf.mk.dep
  CFG     spl/u-boot.cfg
  CFG     tpl/u-boot.cfg
  GEN     include/autoconf.mk
  GEN     spl/include/autoconf.mk
  GEN     tpl/include/autoconf.mk
  CHK     include/config/uboot.release
  CHK     include/generated/timestamp_autogenerated.h
  UPD     include/generated/timestamp_autogenerated.h
  UPD     include/config/uboot.release
  HOSTCC  scripts/dtc/dtc.o
  HOSTCC  scripts/dtc/flattree.o
  HOSTCC  scripts/dtc/fstree.o
  CHK     include/generated/version_autogenerated.h
  HOSTCC  scripts/dtc/data.o
  HOSTCC  scripts/dtc/treesource.o
  HOSTCC  scripts/dtc/livetree.o
  HOSTCC  scripts/dtc/srcpos.o
  HOSTCC  scripts/dtc/checks.o
  HOSTCC  scripts/dtc/util.o
  SHIPPED scripts/dtc/dtc-parser.tab.c
  SHIPPED scripts/dtc/dtc-parser.tab.h
  SHIPPED scripts/dtc/dtc-lexer.lex.c
  HOSTCC  scripts/dtc/dtc-lexer.lex.o
  HOSTCC  scripts/dtc/dtc-parser.tab.o
  UPD     include/generated/version_autogenerated.h
  CC      lib/asm-offsets.s
  CC      arch/arm/lib/asm-offsets.s
  CHK     include/generated/asm-offsets.h
  UPD     include/generated/asm-offsets.h
  CHK     include/generated/generic-asm-offsets.h
  UPD     include/generated/generic-asm-offsets.h
  LDS     u-boot.lds
  CHK     include/config.h
  CFG     u-boot.cfg
  HOSTLD  scripts/dtc/dtc
  HOSTCC  tools/gen_eth_addr
  HOSTCC  tools/gen_ethaddr_crc.o
  WRAP    tools/lib/crc8.c
  HOSTCC  tools/mkenvimage.o
  HOSTCC  tools/os_support.o
  WRAP    tools/lib/crc32.c
  HOSTCC  tools/aisimage.o
  HOSTCC  tools/atmelimage.o
  WRAP    tools/common/bootm.c
  HOSTCC  tools/default_image.o
  WRAP    tools/lib/fdtdec.c
  WRAP    tools/lib/fdtdec_common.c
  HOSTCC  tools/fit_common.o
  HOSTCC  tools/fit_image.o
  WRAP    tools/common/image.c
  HOSTCC  tools/image-host.o
  WRAP    tools/common/image-fit.c
  HOSTCC  tools/imximage.o
  HOSTCC  tools/imagetool.o
  WRAP    tools/lib/md5.c
  HOSTCC  tools/lpc32xximage.o
  HOSTCC  tools/omapimage.o
  HOSTCC  tools/mxsimage.o
  HOSTCC  tools/kwbimage.o
  WRAP    tools/lib/rc4.c
  HOSTCC  tools/rksd.o
  HOSTCC  tools/pblimage.o
  HOSTCC  tools/pbl_crc32.o
  HOSTCC  tools/rknand.o
  HOSTCC  tools/rkimage.o
  HOSTCC  tools/rkcommon.o
  HOSTCC  tools/rkspi.o
  HOSTCC  tools/vybridimage.o
  HOSTCC  tools/socfpgaimage.o
  WRAP    tools/lib/sha1.c
  WRAP    tools/common/hash.c
  WRAP    tools/lib/sha256.c
  HOSTCC  tools/ublimage.o
  HOSTCC  tools/zynqimage.o
  HOSTCC  tools/libfdt/fdt.o
  HOSTCC  tools/zynqmpimage.o
  HOSTCC  tools/libfdt/fdt_wip.o
  HOSTCC  tools/libfdt/fdt_rw.o
  HOSTCC  tools/libfdt/fdt_sw.o
  HOSTCC  tools/libfdt/fdt_strerror.o
  HOSTCC  tools/libfdt/fdt_empty_tree.o
  HOSTCC  tools/libfdt/fdt_addresses.o
  WRAP    tools/lib/libfdt/fdt_ro.c
  HOSTCC  tools/gpimage-common.o
  WRAP    tools/lib/libfdt/fdt_region.c
  HOSTCC  tools/libfdt/fdt_overlay.o
  HOSTCC  tools/dumpimage.o
  HOSTCC  tools/gpimage.o
  HOSTCC  tools/mkimage.o
  HOSTCC  tools/rockchip/sha2.o
  HOSTCC  tools/rockchip/boot_merger.o
  HOSTCC  tools/rockchip/crc32_rk.o
  HOSTCC  tools/rockchip/sha.o
  HOSTCC  tools/rockchip/resource_tool.o
  HOSTCC  tools/rockchip/loaderimage.o
  HOSTCC  tools/rockchip/trust_merger.o
  HOSTCC  tools/rockchip/bmp2gray16.o
  HOSTCC  tools/proftool
  HOSTCC  tools/fdtgrep.o
  HOSTCC  tools/lib/crc8.o
  HOSTCC  tools/common/bootm.o
  HOSTCC  tools/lib/crc32.o
  HOSTCC  tools/lib/fdtdec_common.o
  HOSTCC  tools/lib/fdtdec.o
  HOSTCC  tools/common/image.o
  HOSTCC  tools/common/image-fit.o
  HOSTCC  tools/lib/sha1.o
  HOSTCC  tools/lib/rc4.o
  HOSTCC  tools/lib/md5.o
  HOSTCC  tools/lib/sha256.o
  HOSTCC  tools/common/hash.o
  HOSTCC  tools/lib/libfdt/fdt_ro.o
  HOSTCC  tools/lib/libfdt/fdt_region.o
  HOSTLD  tools/gen_ethaddr_crc
  HOSTLD  tools/mkenvimage
  HOSTLD  tools/bmp2gray16
  HOSTLD  tools/fdtgrep
  HOSTLD  tools/dumpimage
  HOSTLD  tools/mkimage
  HOSTLD  tools/boot_merger
  HOSTLD  tools/trust_merger
  HOSTLD  tools/loaderimage
  HOSTLD  tools/resource_tool
  LD      arch/arm/cpu/built-in.o
  CC      arch/arm/cpu/armv7/cache_v7.o
  CC      board/rockchip/evb_rv1126/evb_rv1126.o
  CC      arch/arm/cpu/armv7/cpu.o
  AS      arch/arm/cpu/armv7/cache_v7_asm.o
  CC      arch/arm/cpu/armv7/cp15.o
  CC      arch/arm/cpu/armv7/syslib.o
  AS      arch/arm/cpu/armv7/smccc-call.o
  CC      arch/arm/cpu/armv7/suspend.o
  CC      arch/arm/cpu/armv7/arch_timer.o
  AS      arch/arm/cpu/armv7/start.o
  AS      arch/arm/cpu/armv7/sleep.o
  LD      drivers/cpu/built-in.o
  CC      disk/part_dos.o
  CC      disk/part_efi.o
  CC      disk/part.o
  LD      drivers/dma/built-in.o
  CC      drivers/i2c/rk_i2c.o
  CC      drivers/i2c/i2c-uclass.o
  AS      arch/arm/mach-rockchip/lowlevel_init.o
  CC      arch/arm/mach-rockchip/boot_mode.o
  CC      arch/arm/mach-rockchip/chip_info.o
  CC      drivers/gpio/gpio-uclass.o
  CC      arch/arm/mach-rockchip/fit_misc.o
  AS      arch/arm/lib/vectors.o
  CC      drivers/mtd/mtdcore.o
  LD      drivers/mtd/onenand/built-in.o
  CC      drivers/mtd/mtd-uclass.o
  CC      drivers/mtd/mtd_uboot.o
  CC      drivers/mtd/mtdpart.o
  CC      drivers/mtd/mtd_blk.o
  LD      board/rockchip/evb_rv1126/built-in.o
  CC      drivers/gpio/rk_gpio.o
  CC      drivers/mtd/nand/raw/nand.o
  AS      arch/arm/lib/crt0.o
  AS      arch/arm/lib/setjmp.o
  LD      arch/arm/cpu/armv7/built-in.o
  CC      drivers/mtd/nand/core.o
  AS      arch/arm/lib/relocate.o
  CC      arch/arm/lib/bootm-fdt.o
  CC      arch/arm/lib/bootm.o
  CC      arch/arm/mach-rockchip/boot_rkimg.o
  CC      arch/arm/mach-rockchip/board.o
  CC      arch/arm/lib/zimage.o
  CC      arch/arm/mach-rockchip/iomem.o
  CC      drivers/mtd/nand/bbt.o
  CC      drivers/mtd/spi/sf-uclass.o
  CC      arch/arm/mach-rockchip/memblk.o
  CC      arch/arm/mach-rockchip/hotkey.o
  CC      drivers/mtd/nand/raw/nand_bbt.o
  CC      drivers/net/eth-phy-uclass.o
  CC      drivers/net/phy/phy.o
  LD      drivers/i2c/built-in.o
  CC      drivers/net/gmac_rockchip.o
  CC      arch/arm/mach-rockchip/kernel_dtb.o
  LD      drivers/pci/built-in.o
  LD      drivers/gpio/built-in.o
  AS      arch/arm/lib/memset.o
  CC      cmd/boot.o
  CC      arch/arm/mach-rockchip/fit.o
  CC      common/init/board_init.o
  CC      drivers/adc/adc-uclass.o
  CC      drivers/block/blk-uclass.o
  CC      common/main.o
  LD      drivers/ata/built-in.o
  CC      common/exports.o
  CC      drivers/net/dwc_eth_qos.o
  AS      arch/arm/lib/memcpy.o
  CC      arch/arm/lib/sections.o
  LD      disk/built-in.o
  CC      drivers/adc/rockchip-saradc.o
  CC      drivers/mtd/nand/raw/nand_ids.o
  CC      drivers/mtd/spi/sf_probe.o
  CC      drivers/mtd/nand/raw/nand_util.o
  CC      cmd/bootm.o
  CC      drivers/mtd/spi/spi-nor-ids.o
  LD      common/init/built-in.o
  CC      drivers/mtd/spi/spi-nor-core.o
  CC      common/hash.o
  CC      arch/arm/lib/stack.o
  CC      drivers/mtd/spi/sf_mtd.o
  CC      drivers/clk/clk-uclass.o
  LD      drivers/dfu/built-in.o
  CC      drivers/power/charge-display-uclass.o
  CC      drivers/mtd/nand/spi/gigadevice.o
  CC      drivers/crypto/crypto-uclass.o
  CC      common/cli_hush.o
  CC      common/autoboot.o
  CC      common/board_f.o
  CC      arch/arm/mach-rockchip/rockchip_smccc.o
  CC      arch/arm/lib/interrupts.o
  LD      drivers/block/built-in.o
  LD      drivers/adc/built-in.o
  CC      cmd/version.o
  CC      cmd/help.o
  CC      drivers/core/device.o
  CC      drivers/clk/clk_fixed_rate.o
  LD      drivers/net/phy/built-in.o
  CC      drivers/core/fdtaddr.o
  CC      drivers/crypto/fsl/sec.o
  CC      drivers/mtd/nand/raw/nand_ecc.o
  CC      common/board_r.o
  CC      drivers/power/charge_animation.o
  CC      arch/arm/mach-rockchip/vendor.o
  CC      drivers/core/lists.o
  CC      arch/arm/mach-rockchip/vendor_misc.o
  CC      cmd/blk_common.o
  CC      drivers/clk/rockchip/clk_pll.o
  CC      cmd/blk.o
  CC      drivers/clk/rockchip/clk_rv1126.o
  CC      drivers/mtd/nand/spi/macronix.o
  CC      drivers/firmware/firmware-uclass.o
  LD      drivers/power/battery/built-in.o
  CC      drivers/mtd/nand/spi/micron.o
  CC      arch/arm/mach-rockchip/resource_img.o
  CC      cmd/source.o
  LD      drivers/crypto/fsl/built-in.o
  CC      drivers/input/key-uclass.o
  CC      drivers/input/input.o
  LD      drivers/net/built-in.o
  CC      drivers/firmware/psci.o
  CC      arch/arm/lib/stacktrace.o
  LD      drivers/mtd/spi/spi-nor.o
  CC      drivers/input/key_matrix.o
  CC      arch/arm/lib/cache.o
  CC      arch/arm/lib/cache-cp15.o
  CC      drivers/crypto/rockchip/crypto_v2.o
  LD      drivers/clk/tegra/built-in.o
  CC      drivers/mtd/nand/raw/nand_base.o
  LD      drivers/mtd/spi/built-in.o
  CC      drivers/mtd/nand/raw/nand_timings.o
  LD      drivers/mtd/nand/nandcore.o
  CC      drivers/core/root.o
  CC      arch/arm/mach-rockchip/resource_logo.o
  LD      drivers/mailbox/built-in.o
  CC      cmd/bdinfo.o
  LD      drivers/memory/built-in.o
  CC      arch/arm/mach-rockchip/param.o
  CC      drivers/mtd/nand/spi/toshiba.o
  CC      drivers/irq/irq-gic.o
  LD      drivers/firmware/built-in.o
  CC      drivers/irq/irq-gpio-v2.o
  CC      drivers/irq/irq-generic.o
  CC      drivers/crypto/rsa_mod_exp/mod_exp_uclass.o
  CC      drivers/crypto/rsa_mod_exp/mod_exp_sw.o
  CC      drivers/mtd/nand/spi/winbond.o
  CC      common/board_info.o
  CC      common/bootm.o
  CC      common/bootm_os.o
  CC      drivers/mtd/nand/raw/rockchip_nand.o
  CC      drivers/core/uclass.o
  CC      common/fdt_support.o
  CC      drivers/input/rk8xx_pwrkey.o
  CC      drivers/irq/irq-gpio-switch.o
  CC      cmd/boot_android.o
  CC      arch/arm/mach-rockchip/sdram.o
  CC      drivers/input/adc_key.o
  CC      cmd/android.o
  CC      arch/arm/lib/psci-dt.o
  CC      drivers/mtd/nand/spi/dosilicon.o
  CC      drivers/power/rockchip_pm.o
  LD      drivers/crypto/rsa_mod_exp/built-in.o
  CC      drivers/core/util.o
  CC      common/miiphyutil.o
  CC      drivers/mtd/nand/spi/xtx.o
  CC      drivers/mtd/nand/spi/esmt.o
  CC      drivers/crypto/rockchip/crypto_hash_cache.o
  CC      drivers/misc/misc-uclass.o
  CC      drivers/misc/misc_otp.o
  LD      drivers/power/charge/built-in.o
  AS      arch/arm/lib/ashldi3.o
  AS      arch/arm/lib/ashrdi3.o
  CC      cmd/bootfit.o
  CC      common/usb.o
  CC      common/usb_hub.o
  CC      drivers/irq/virq.o
  LD      drivers/power/domain/built-in.o
  LD      drivers/pcmcia/built-in.o
  CC      arch/arm/mach-rockchip/rv1126/syscon_rv1126.o
  CC      drivers/mmc/mmc.o
  CC      arch/arm/mach-rockchip/rv1126/clk_rv1126.o
  LD      drivers/input/built-in.o
  LD      drivers/power/built-in.o
  CC      arch/arm/lib/div0.o
  CC      arch/arm/mach-rockchip/rv1126/rv1126.o
  CC      drivers/crypto/rockchip/crypto_v2_pka.o
  CC      drivers/misc/misc_decompress.o
  CC      drivers/crypto/rockchip/crypto_v2_util.o
  CC      drivers/core/device-remove.o
  LD      drivers/clk/rockchip/built-in.o
  CC      drivers/mtd/nand/spi/hyf.o
  CC      cmd/bootrkp.o
  LD      drivers/clk/built-in.o
  LD      drivers/phy/marvell/built-in.o
  CC      drivers/core/simple-bus.o
  CC      cmd/bootz.o
  CC      drivers/phy/phy-uclass.o
  CC      drivers/misc/rockchip-otp.o
  LD      drivers/power/dvfs/built-in.o
  CC      drivers/core/dump.o
  AS      arch/arm/lib/div64.o
  CC      drivers/power/fuel_gauge/fuel_gauge_uclass.o
  CC      drivers/power/fuel_gauge/fg_rk817.o
  CC      drivers/phy/phy-rockchip-naneng-usb2.o
  AS      arch/arm/lib/lib1funcs.o
  LD      arch/arm/mach-rockchip/rv1126/built-in.o
  LD      drivers/power/mfd/built-in.o
  CC      arch/arm/mach-rockchip/rk_atags.o
  AS      arch/arm/lib/lshrdi3.o
  AS      arch/arm/lib/muldi3.o
  CC      drivers/power/io-domain/io-domain-uclass.o
  CC      drivers/mtd/nand/spi/fmsh.o
  CC      drivers/mtd/nand/spi/foresee.o
  CC      drivers/power/io-domain/rockchip-io-domain.o
  CC      drivers/mmc/mmc-uclass.o
  CC      cmd/console.o
  CC      drivers/mmc/mmc_write.o
  LD      drivers/irq/built-in.o
  AS      arch/arm/lib/uldivmod.o
  CC      arch/arm/lib/eabi_compat.o
  CC      drivers/core/regmap.o
  CC      common/usb_storage.o
  CC      drivers/power/pmic/pmic-uclass.o
  CC      drivers/pwm/pwm-uclass.o
  LD      arch/arm/mach-rockchip/built-in.o
  CC      drivers/pinctrl/pinctrl-uclass.o
  LD      drivers/phy/built-in.o
  CC      drivers/core/syscon-uclass.o
  CC      drivers/serial/serial-uclass.o
  CC      drivers/pinctrl/pinctrl-generic.o
  CC      drivers/power/regulator/regulator-uclass.o
  CC      drivers/mtd/nand/spi/biwin.o
  CC      drivers/mtd/nand/spi/etron.o
  LD      arch/arm/lib/built-in.o
  CC      drivers/ram/ram-uclass.o
  CC      cmd/crypto_sum.o
  CC      drivers/reset/reset-uclass.o
  AR      arch/arm/lib/lib.a
  LD      drivers/power/io-domain/built-in.o
  CC      drivers/reset/reset-rockchip.o
  CC      drivers/pwm/rk_pwm.o
  CC      drivers/core/of_access.o
  CC      drivers/mmc/dw_mmc.o
  CC      drivers/power/pmic/rk8xx.o
  CC      drivers/power/regulator/pwm_regulator.o
  CC      drivers/power/regulator/fixed.o
  CC      drivers/spi/spi-uclass.o
  CC      drivers/misc/rockchip_decompress.o
  LD      drivers/crypto/rockchip/built-in.o
  CC      common/edid.o
  CC      drivers/serial/ns16550.o
  LD      drivers/pinctrl/nxp/built-in.o
  CC      common/splash.o
  LD      drivers/crypto/built-in.o
  CC      cmd/echo.o
  CC      drivers/pinctrl/pinctrl-rockchip.o
  CC      drivers/spi/spi-mem.o
  CC      drivers/ram/rockchip/sdram_rv1126.o
  CC      drivers/ram/rockchip/sdram_common.o
  LD      drivers/reset/built-in.o
  CC      drivers/core/of_addr.o
  LD      drivers/misc/built-in.o
  CC      drivers/mtd/nand/spi/jsc.o
  CC      drivers/pinctrl/rockchip/pinctrl-rockchip-core.o
  CC      drivers/pinctrl/rockchip/pinctrl-rv1126.o
  CC      drivers/core/read.o
  LD      drivers/power/pmic/built-in.o
  CC      drivers/core/of_extra.o
  CC      drivers/core/read_extra.o
  LD      drivers/pwm/built-in.o
  CC      drivers/core/ofnode.o
  CC      drivers/power/regulator/rk8xx.o
  CC      drivers/mmc/rockchip_dw_mmc.o
  CC      drivers/mmc/rpmb.o
  CC      drivers/spi/rockchip_sfc.o
  CC      drivers/mtd/nand/spi/silicongo.o
  LD      drivers/power/fuel_gauge/built-in.o
  CC      cmd/exit.o
  LD      drivers/usb/cdns3/built-in.o
  LD      drivers/mtd/nand/raw/built-in.o
  LD      drivers/serial/built-in.o
  CC      drivers/rng/rng-uclass.o
  CC      drivers/rng/rockchip_rng.o
  CC      drivers/rtc/date.o
  CC      common/cli_readline.o
  CC      drivers/mtd/nand/spi/unim.o
  CC      common/cli_simple.o
  CC      common/menu.o
  LD      drivers/scsi/built-in.o
  CC      drivers/ram/rockchip/sdram_pctl_px30.o
  CC      common/bouncebuf.o
  CC      common/dlmalloc.o
  CC      common/console.o
  CC      drivers/mtd/nand/spi/skyhigh.o
  LD      drivers/soc/built-in.o
  CC      common/malloc_simple.o
  LD      drivers/rtc/built-in.o
  CC      cmd/ext4.o
  CC      drivers/usb/common/common.o
  LD      drivers/pinctrl/rockchip/built-in.o
  CC      drivers/mtd/nand/spi/core.o
  CC      drivers/usb/dwc3/core.o
  LD      drivers/usb/emul/built-in.o
  CC      drivers/usb/dwc3/gadget.o
  LD      drivers/sound/built-in.o
  LD      drivers/power/regulator/built-in.o
  CC      common/image-android.o
  CC      common/image.o
  CC      drivers/usb/dwc3/ep0.o
  LD      drivers/spmi/built-in.o
  LD      drivers/mmc/built-in.o
  LD      drivers/usb/eth/built-in.o
  CC      cmd/ext2.o
  CC      cmd/fat.o
  LD      drivers/ram/rockchip/built-in.o
  CC      drivers/usb/dwc3/dwc3-generic.o
  CC      common/android_bootloader.o
  LD      drivers/rng/built-in.o
  CC      drivers/sysreset/sysreset-uclass.o
  CC      common/image-fdt.o
  LD      drivers/core/built-in.o
  CC      cmd/fdt.o
  CC      common/image-fit.o
  LD      drivers/ram/built-in.o
  LD      drivers/usb/common/built-in.o
  CC      drivers/sysreset/sysreset-syscon-reboot.o
  CC      drivers/sysreset/sysreset_psci.o
  CC      drivers/sysreset/sysreset_rockchip.o
  CC      cmd/fs.o
  LD      drivers/spi/built-in.o
  LD      drivers/pinctrl/built-in.o
  CC      cmd/load.o
  CC      cmd/download.o
  CC      cmd/mem.o
  CC      cmd/mii.o
  CC      cmd/mdio.o
  CC      common/memsize.o
  CC      common/stdio.o
  CC      cmd/mmc.o
  CC      cmd/mtd.o
  CC      common/image-sparse.o
  LD      drivers/thermal/built-in.o
  LD      drivers/tpm/built-in.o
  CC      cmd/mtd_blk.o
  LD      drivers/sysreset/built-in.o
  CC      drivers/usb/gadget/epautoconf.o
  CC      drivers/usb/gadget/config.o
  CC      drivers/usb/gadget/usbstring.o
  CC      drivers/usb/gadget/udc/udc-core.o
  CC      drivers/usb/gadget/udc/udc-uclass.o
  LD      drivers/ufs/built-in.o
  CC      drivers/usb/gadget/g_dnl.o
  CC      cmd/nand.o
  CC      drivers/usb/gadget/f_mass_storage.o
  CC      common/fb_mmc.o
  CC      common/fb_common.o
  CC      drivers/usb/gadget/f_fastboot.o
  CC      cmd/net.o
  LD      drivers/watchdog/built-in.o
  LD      drivers/usb/dwc3/dwc3.o
  CC      drivers/video/display-uclass.o
  CC      drivers/video/backlight-uclass.o
  CC      cmd/part.o
  CC      drivers/video/panel-uclass.o
  CC      cmd/pcmcia.o
  CC      common/cli.o
  CC      drivers/usb/host/usb-uclass.o
  CC      drivers/usb/host/ehci-hcd.o
  LD      drivers/usb/gadget/udc/built-in.o
  CC      drivers/video/simple_panel.o
  CC      drivers/usb/host/ehci-generic.o
  LD      drivers/usb/musb/built-in.o
  CC      common/command.o
  CC      cmd/pxe.o
  LD      drivers/usb/phy/built-in.o
  CC      cmd/rockusb.o
  CC      drivers/usb/host/xhci.o
  CC      drivers/video/video-uclass.o
  CC      cmd/sf.o
  CC      common/s_record.o
  LD      drivers/mtd/nand/spi/spinand.o
  CC      cmd/spi.o
  CC      drivers/video/video_bmp.o
  LD      drivers/usb/ulpi/built-in.o
  CC      drivers/video/vidconsole-uclass.o
  LD      drivers/mtd/nand/spi/built-in.o
  CC      drivers/video/pwm_backlight.o
  LD      drivers/usb/dwc3/built-in.o
  CC      drivers/video/console_normal.o
  LD      drivers/usb/musb-new/built-in.o
  CC      drivers/video/bridge/video-bridge-uclass.o
  LD      drivers/mtd/nand/built-in.o
  CC      env/common.o
  CC      cmd/test.o
  LD      drivers/mtd/built-in.o
  CC      fs/fs.o
  CC      drivers/usb/host/xhci-mem.o
  CC      fs/fs_internal.o
  CC      env/env.o
  CC      env/attr.o
  CC      fs/fat/fat_write.o
  CC      fs/ext4/ext4fs.o
  CC      fs/ext4/ext4_common.o
  CC      drivers/usb/host/xhci-ring.o
  CC      env/callback.o
  LD      test/built-in.o
  LD      common/built-in.o
  CC      env/flags.o
  LD      drivers/video/sunxi/built-in.o
  CC      env/nowhere.o
  LD      drivers/video/bridge/built-in.o
  CC      cmd/usb.o
  CC      fs/ext4/dev.o
  CC      cmd/disk.o
  CC      cmd/fastboot.o
  CC      cmd/gpt.o
  CC      cmd/optee.o
  CC      cmd/usb_mass_storage.o
  CC      test/dm/cmd_dm.o
  CC      net/checksum.o
  CC      cmd/rkimgtest.o
  CC      cmd/atags.o
  CC      net/arp.o
  CC      cmd/nvedit.o
  CC      drivers/video/drm/drm_modes.o
  CC      drivers/video/drm/rockchip_display.o
  CC      net/bootp.o
  CC      net/eth-uclass.o
  CC      drivers/video/drm/rockchip_crtc.o
  CC      net/eth_common.o
  CC      drivers/video/drm/rockchip_phy.o
  LD      drivers/usb/gadget/built-in.o
  CC      drivers/video/drm/rockchip_bridge.o
  CC      net/net.o
  LD      env/built-in.o
  LD      test/dm/built-in.o
  CC      net/ping.o
  CC      drivers/video/drm/rockchip_vop.o
  LD      fs/ext4/built-in.o
  CC      net/tftp.o
  CC      drivers/video/drm/rockchip_vop_reg.o
  CC      drivers/video/drm/rockchip_vop2.o
  CC      drivers/video/drm/rockchip_connector.o
  CC      drivers/video/drm/rockchip_post_csc.o
  CC      drivers/video/drm/bmp_helper.o
  CC      drivers/video/drm/drm_mipi_dsi.o
  CC      drivers/video/drm/inno_mipi_phy.o
  CC      drivers/video/drm/dw_mipi_dsi.o
  CC      drivers/video/drm/rockchip_rgb.o
  CC      drivers/video/drm/rockchip_panel.o
  LD      drivers/usb/host/built-in.o
  CC      lib/of_live.o
  CC      lib/crc7.o
  CC      lib/crc8.o
  CC      lib/charset.o
  CC      lib/crc16.o
  LD      lib/avb/rk_avb_user/built-in.o
  CC      lib/fdtdec_common.o
  CC      lib/errno_str.o
  CC      lib/rsa/rsa-mod-exp.o
  CC      lib/zlib/zlib.o
  CC      lib/initcall.o
  LD      fs/fat/built-in.o
  LD      fs/built-in.o
  CC      lib/sysmem.o
  CC      lib/bidram.o
  CC      lib/lmb.o
  CC      lib/ldiv.o
  CC      lib/net_utils.o
  CC      lib/qsort.o
  CC      lib/rc4.o
  LD      cmd/built-in.o
  CC      lib/list_sort.o
  CC      lib/sha256.o
  CC      lib/libfdt/fdt.o
  CC      lib/libfdt/fdt_wip.o
  CC      lib/optee_clientApi/OpteeClientMem.o
  CC      lib/libfdt/fdt_sw.o
  CC      lib/libfdt/fdt_strerror.o
  LD      net/built-in.o
  CC      lib/optee_clientApi/OpteeClientApiLib.o
  CC      lib/optee_clientApi/OpteeClientInterface.o
  CC      lib/optee_clientApi/OpteeClientSMC.o
  CC      lib/sha1.o
  CC      lib/optee_clientApi/OpteeClientRPC.o
  AS      lib/optee_clientApi/tee_smc-arm64.o
  CC      lib/optee_clientApi/OpteeClientRkFs_common.o
  CC      lib/sha512.o
  CC      lib/libfdt/fdt_rw.o
  CC      lib/libfdt/fdt_empty_tree.o
  CC      lib/gunzip.o
  CC      lib/libfdt/fdt_addresses.o
  CC      lib/libfdt/fdt_ro.o
  CC      lib/optee_clientApi/OpteeClientRkNewFs_v1.o
  CC      lib/optee_clientApi/OpteeClientRkNewFs_v2.o
  CC      lib/fdtdec.o
  CC      lib/hashtable.o
  CC      lib/libfdt/fdt_region.o
  CC      lib/errno.o
  CC      lib/crc32.o
  CC      lib/display_options.o
  CC      lib/ctype.o
  LD      lib/rsa/built-in.o
  CC      lib/hang.o
  CC      lib/div64.o
  CC      lib/linux_compat.o
  CC      lib/linux_string.o
  CC      lib/membuff.o
  CC      lib/slre.o
  CC      lib/stdlib.o
  CC      lib/string.o
  CC      lib/tables_csum.o
  CC      lib/time.o
  CC      lib/hexdump.o
  CC      lib/vsprintf.o
  CC      lib/uuid.o
  CC      lib/panic.o
  LD      lib/zlib/built-in.o
  CC      lib/rand.o
  CC      lib/strto.o
  CC      lib/strmhz.o
  LD      lib/libfdt/built-in.o
  LD      lib/optee_clientApi/built-in.o
  LD      lib/built-in.o
  LD      drivers/video/drm/built-in.o
  LD      drivers/video/built-in.o
  LD      drivers/built-in.o
  LD      u-boot
  OBJCOPY u-boot.srec
  OBJCOPY u-boot-nodtb.bin
  SYM     u-boot.sym
  DTC     arch/arm/dts/rk3036-sdk.dtb
  DTC     arch/arm/dts/rk3066a-mk808.dtb
  DTC     arch/arm/dts/rk3126-evb.dtb
  DTC     arch/arm/dts/rk3128-evb.dtb
  DTC     arch/arm/dts/rk3288-evb.dtb
  DTC     arch/arm/dts/rk3188-radxarock.dtb
  DTC     arch/arm/dts/rk3288-fennec.dtb
  DTC     arch/arm/dts/rk3288-firefly.dtb
  DTC     arch/arm/dts/rk3288-miqi.dtb
  DTC     arch/arm/dts/rk3288-phycore-rdk.dtb
  DTC     arch/arm/dts/rk3288-popmetal.dtb
  DTC     arch/arm/dts/rk3288-rock2-square.dtb
  DTC     arch/arm/dts/rk3288-tinker.dtb
  DTC     arch/arm/dts/rk3288-veyron-jerry.dtb
  DTC     arch/arm/dts/rk3288-veyron-minnie.dtb
  DTC     arch/arm/dts/rk3288-veyron-mickey.dtb
  DTC     arch/arm/dts/rk3288-vyasa.dtb
  DTC     arch/arm/dts/rk3308-evb.dtb
  DTC     arch/arm/dts/rk3328-evb.dtb
  DTC     arch/arm/dts/rk3368-geekbox.dtb
  DTC     arch/arm/dts/rk3368-sheep.dtb
  DTC     arch/arm/dts/rk3368-lion.dtb
  DTC     arch/arm/dts/rk3399-evb.dtb
  DTC     arch/arm/dts/rk3368-px5-evb.dtb
  DTC     arch/arm/dts/rk3399-firefly.dtb
  DTC     arch/arm/dts/rk3399-puma-ddr1333.dtb
  DTC     arch/arm/dts/rk3399-puma-ddr1600.dtb
  DTC     arch/arm/dts/rv1108-evb.dtb
  DTC     arch/arm/dts/rk3399-puma-ddr1866.dtb
  DTC     arch/arm/dts/rv1126-evb.dtb
  FDTGREP dts/dt.dtb
  FDTGREP dts/dt-spl.dtb
  FDTGREP dts/dt-tpl.dtb
  CAT     u-boot-dtb.bin
  MKIMAGE u-boot.img
  COPY    u-boot.dtb
  MKIMAGE u-boot-dtb.img
  COPY    u-boot.bin
  ALIGN   u-boot.bin
  LD      tpl/arch/arm/cpu/built-in.o
  LD      spl/arch/arm/cpu/built-in.o
  LD      tpl/dts/built-in.o
  LD      spl/dts/built-in.o
  CC      spl/cmd/nvedit.o
  CC      spl/fs/fs_internal.o
  CC      tpl/board/rockchip/evb_rv1126/evb_rv1126.o
  CC      spl/common/init/board_init.o
  CC      tpl/common/init/board_init.o
  CC      spl/board/rockchip/evb_rv1126/evb_rv1126.o
  CC      spl/env/env.o
  CC      tpl/disk/part.o
  CC      spl/env/common.o
  CC      spl/disk/part.o
  CC      tpl/arch/arm/cpu/armv7/cache_v7.o
  LDS     spl/u-boot-spl.lds
  CC      spl/arch/arm/cpu/armv7/cache_v7.o
  CC      spl/common/spl/spl.o
  CC      tpl/arch/arm/mach-rockchip/param.o
  CC      tpl/drivers/serial/serial-uclass.o
  CC      tpl/fs/fs_internal.o
  CC      spl/arch/arm/mach-rockchip/fit_misc.o
  LD      tpl/common/init/built-in.o
  CC      tpl/drivers/serial/ns16550.o
  CC      tpl/drivers/ram/rockchip/sdram_common.o
  CC      tpl/drivers/ram/rockchip/sdram_rv1126.o
  LD      spl/common/init/built-in.o
  CC      spl/common/hash.o
  AS      tpl/arch/arm/lib/vectors.o
  LD      tpl/board/rockchip/evb_rv1126/built-in.o
  LD      spl/fs/built-in.o
  LD      spl/board/rockchip/evb_rv1126/built-in.o
  AS      tpl/arch/arm/lib/setjmp.o
  AS      tpl/arch/arm/lib/crt0.o
  AS      spl/arch/arm/lib/vectors.o
  CC      tpl/drivers/ram/rockchip/sdram_pctl_px30.o
  CC      spl/arch/arm/mach-rockchip/spl_boot_mode.o
  LDS     tpl/u-boot-spl.lds
  LD      tpl/fs/built-in.o
  LD      spl/env/built-in.o
  AS      tpl/arch/arm/cpu/armv7/cache_v7_asm.o
  AS      spl/arch/arm/lib/crt0.o
  CC      tpl/arch/arm/mach-rockchip/tpl.o
  CC      tpl/arch/arm/mach-rockchip/bootrom.o
  CC      tpl/arch/arm/mach-rockchip/sdram.o
  CC      tpl/arch/arm/mach-rockchip/rk_atags.o
  AS      spl/arch/arm/cpu/armv7/cache_v7_asm.o
  AS      spl/arch/arm/lib/setjmp.o
  CC      spl/arch/arm/cpu/armv7/cpu.o
  CC      spl/common/spl/spl_fit.o
  CC      tpl/arch/arm/lib/spl.o
  CC      spl/disk/part_dos.o
  LD      spl/cmd/built-in.o
  CC      tpl/arch/arm/cpu/armv7/cp15.o
  CC      tpl/arch/arm/cpu/armv7/cpu.o
  CC      spl/disk/part_efi.o
  CC      spl/arch/arm/mach-rockchip/param.o
  CC      tpl/arch/arm/mach-rockchip/rv1126/rv1126.o
  LD      tpl/disk/built-in.o
  CC      tpl/arch/arm/mach-rockchip/rv1126/clk_rv1126.o
  AS      spl/arch/arm/lib/relocate.o
  CC      spl/arch/arm/cpu/armv7/cp15.o
  CC      spl/drivers/block/blk-uclass.o
  LD      spl/lib/avb/rk_avb_user/built-in.o
  CC      tpl/arch/arm/cpu/armv7/syslib.o
  AS      tpl/arch/arm/cpu/armv7/smccc-call.o
  CC      spl/arch/arm/cpu/armv7/syslib.o
  CC      spl/common/common_fit.o
  AS      tpl/arch/arm/cpu/armv7/start.o
  CC      spl/common/fdt_support.o
  CC      spl/common/bouncebuf.o
  CC      spl/arch/arm/lib/bootm-fdt.o
  LD      tpl/drivers/serial/built-in.o
  CC      spl/common/console.o
  CC      tpl/arch/arm/lib/zimage.o
  CC      spl/drivers/clk/clk-uclass.o
  CC      spl/drivers/clk/clk_fixed_rate.o
  AS      spl/arch/arm/cpu/armv7/smccc-call.o
  LD      spl/drivers/clk/tegra/built-in.o
  CC      spl/arch/arm/cpu/armv7/arch_timer.o
  LD      tpl/arch/arm/mach-rockchip/rv1126/built-in.o
  CC      spl/drivers/clk/rockchip/clk_pll.o
  CC      spl/common/spl/spl_nand.o
  CC      spl/lib/libfdt/fdt.o
  CC      spl/arch/arm/mach-rockchip/sdram.o
  LD      tpl/arch/arm/cpu/armv7/built-in.o
  LD      tpl/arch/arm/mach-rockchip/built-in.o
  CC      spl/common/dlmalloc.o
  CC      spl/common/spl/spl_mmc.o
  CC      spl/drivers/clk/rockchip/clk_rv1126.o
  AS      spl/common/spl/spl_optee.o
  CC      spl/common/spl/spl_mtd_blk.o
  CC      spl/arch/arm/lib/bootm.o
  AS      spl/arch/arm/cpu/armv7/start.o
  CC      tpl/arch/arm/lib/bootm-fdt.o
  CC      spl/lib/sha1.o
  CC      spl/drivers/firmware/firmware-uclass.o
  CC      spl/drivers/gpio/gpio-uclass.o
  CC      spl/lib/rsa/rsa-mod-exp.o
  CC      spl/drivers/crypto/crypto-uclass.o
  CC      spl/drivers/gpio/rk_gpio.o
  CC      spl/lib/libfdt/fdt_wip.o
  CC      spl/lib/libfdt/fdt_strerror.o
  LD      spl/drivers/block/built-in.o
  COPY    spl/u-boot-spl.dtb
  CC      spl/drivers/core/device.o
  LD      spl/arch/arm/cpu/armv7/built-in.o
  CC      spl/lib/sha256.o
  CC      spl/arch/arm/lib/zimage.o
  CC      spl/arch/arm/mach-rockchip/rv1126/syscon_rv1126.o
  CC      spl/lib/sha512.o
  CC      spl/common/spl/spl_ab.o
  CC      spl/drivers/crypto/fsl/sec.o
  CC      spl/lib/fdtdec_common.o
  CC      spl/drivers/firmware/psci.o
  LD      spl/disk/built-in.o
  CC      spl/lib/libfdt/fdt_sw.o
  AS      tpl/arch/arm/lib/memset.o
  CC      spl/lib/libfdt/fdt_rw.o
  CC      spl/lib/fdtdec.o
  AS      tpl/arch/arm/lib/memcpy.o
  CC      spl/arch/arm/mach-rockchip/bootrom.o
  CC      spl/lib/libfdt/fdt_empty_tree.o
  AS      spl/arch/arm/lib/memset.o
  CC      tpl/arch/arm/lib/sections.o
  CC      spl/drivers/misc/misc-uclass.o
  CC      spl/lib/libfdt/fdt_addresses.o
  LD      spl/lib/rsa/built-in.o
  LD      spl/common/spl/built-in.o
  CC      spl/drivers/misc/misc_otp.o
  AS      spl/arch/arm/lib/memcpy.o
  CC      spl/common/malloc_simple.o
  CC      spl/arch/arm/mach-rockchip/rv1126/clk_rv1126.o
  LD      spl/drivers/crypto/fsl/built-in.o
  CC      spl/drivers/core/fdtaddr.o
  CC      spl/common/image.o
  CC      spl/drivers/mmc/mmc-uclass.o
  CC      spl/drivers/mmc/mmc.o
  CC      tpl/arch/arm/lib/interrupts.o
  CC      tpl/arch/arm/lib/stack.o
  CC      spl/drivers/mmc/mmc_write.o
  CC      spl/arch/arm/lib/sections.o
  LD      spl/drivers/gpio/built-in.o
  CC      spl/drivers/mmc/dw_mmc.o
  CC      spl/drivers/crypto/rockchip/crypto_v2.o
  CC      spl/drivers/crypto/rsa_mod_exp/mod_exp_uclass.o
  CC      spl/drivers/crypto/rockchip/crypto_hash_cache.o
  LD      spl/drivers/firmware/built-in.o
  LD      spl/drivers/clk/rockchip/built-in.o
  CC      spl/drivers/crypto/rockchip/crypto_v2_pka.o
  CC      spl/common/image-fdt.o
  CC      spl/drivers/crypto/rockchip/crypto_v2_util.o
  LD      spl/drivers/clk/built-in.o
  CC      spl/common/memsize.o
  CC      spl/common/image-fit.o
  CC      spl/arch/arm/lib/stack.o
  CC      spl/drivers/misc/misc_decompress.o
  CC      spl/lib/libfdt/fdt_ro.o
  CC      spl/common/stdio.o
  LD      tpl/drivers/ram/rockchip/built-in.o
  CC      spl/common/cli.o
  CC      spl/drivers/core/lists.o
  CC      spl/common/command.o
  LD      tpl/drivers/ram/built-in.o
  CC      spl/drivers/mmc/rockchip_dw_mmc.o
  CC      spl/drivers/crypto/rsa_mod_exp/mod_exp_sw.o
  CC      spl/arch/arm/mach-rockchip/rv1126/rv1126.o
  LD      tpl/drivers/built-in.o
  CC      tpl/arch/arm/lib/stacktrace.o
  CC      tpl/arch/arm/lib/cache.o
  CC      tpl/arch/arm/lib/cache-cp15.o
  CC      spl/arch/arm/lib/stacktrace.o
  CC      spl/arch/arm/lib/interrupts.o
  CC      spl/arch/arm/lib/cache-cp15.o
  CC      spl/arch/arm/lib/cache.o
  CC      spl/arch/arm/lib/psci-dt.o
  CC      spl/drivers/mmc/rpmb.o
  AS      spl/arch/arm/lib/ashldi3.o
  CC      spl/common/s_record.o
  CC      spl/drivers/misc/rockchip-otp.o
  AS      spl/drivers/misc/rv1126-secure-otp.o
  CC      tpl/arch/arm/lib/psci-dt.o
  LD      spl/arch/arm/mach-rockchip/rv1126/built-in.o
  CC      spl/arch/arm/mach-rockchip/spl.o
  AS      tpl/arch/arm/lib/ashldi3.o
  LD      spl/drivers/crypto/rsa_mod_exp/built-in.o
  CC      spl/drivers/core/root.o
  CC      spl/drivers/core/util.o
  CC      spl/drivers/core/uclass.o
  CC      spl/lib/libfdt/fdt_region.o
  AS      spl/arch/arm/lib/ashrdi3.o
  AS      tpl/arch/arm/lib/ashrdi3.o
  CC      tpl/arch/arm/lib/div0.o
  CC      spl/drivers/misc/rockchip_decompress.o
  AS      tpl/arch/arm/lib/div64.o
  CC      spl/arch/arm/lib/div0.o
  CC      spl/lib/errno.o
  CC      spl/lib/hashtable.o
  AS      tpl/arch/arm/lib/lib1funcs.o
  CC      spl/drivers/core/simple-bus.o
  CC      spl/drivers/mtd/nand/raw/rockchip_nand_spl.o
  CC      spl/drivers/core/dump.o
  CC      spl/arch/arm/mach-rockchip/spl-boot-order.o
  AS      tpl/arch/arm/lib/muldi3.o
  CC      spl/drivers/core/regmap.o
  AS      tpl/arch/arm/lib/lshrdi3.o
  CC      spl/arch/arm/mach-rockchip/rk_atags.o
  CC      spl/drivers/mtd/mtd_uboot.o
  LD      spl/drivers/crypto/rockchip/built-in.o
  AS      spl/arch/arm/lib/div64.o
  CC      spl/drivers/mtd/mtdcore.o
  CC      spl/drivers/mtd/mtd-uclass.o
  CC      spl/drivers/mtd/mtd_blk.o
  LD      spl/drivers/crypto/built-in.o
  CC      spl/lib/display_options.o
  LD      spl/drivers/mmc/built-in.o
  CC      spl/drivers/mtd/mtdpart.o
  CC      spl/drivers/mtd/spi/sf-uclass.o
  CC      spl/drivers/pinctrl/pinctrl-uclass.o
  CC      spl/drivers/pinctrl/pinctrl-generic.o
  LD      spl/drivers/misc/built-in.o
  AS      tpl/arch/arm/lib/uldivmod.o
  CC      tpl/arch/arm/lib/eabi_compat.o
  CC      spl/drivers/pinctrl/pinctrl-rockchip.o
  LD      spl/drivers/pinctrl/nxp/built-in.o
  AS      spl/arch/arm/lib/lib1funcs.o
  CC      spl/drivers/pinctrl/rockchip/pinctrl-rockchip-core.o
  CC      spl/drivers/core/syscon-uclass.o
  LD      spl/lib/libfdt/built-in.o
  CC      spl/drivers/core/of_access.o
  CC      spl/drivers/pinctrl/rockchip/pinctrl-rv1126.o
  CC      spl/lib/crc32.o
  LD      spl/common/built-in.o
  LD      spl/arch/arm/mach-rockchip/built-in.o
  CC      spl/lib/ctype.o
  CC      spl/drivers/core/of_addr.o
  LD      tpl/arch/arm/lib/built-in.o
  CC      spl/drivers/core/read.o
  CC      spl/drivers/ram/ram-uclass.o
  CC      spl/drivers/mtd/nand/core.o
  LD      spl/drivers/mtd/nand/raw/built-in.o
  CC      spl/drivers/mtd/spi/sf_probe.o
  AR      tpl/arch/arm/lib/lib.a
  AS      spl/arch/arm/lib/lshrdi3.o
  CC      spl/drivers/mtd/nand/bbt.o
  CC      spl/drivers/mtd/spi/spi-nor-ids.o
  CC      spl/drivers/core/of_extra.o
  AS      spl/arch/arm/lib/muldi3.o
  CC      spl/drivers/mtd/spi/spi-nor-core.o
  CC      spl/drivers/ram/rockchip/sdram_common.o
  CC      spl/lib/div64.o
  CC      spl/drivers/ram/rockchip/sdram_rv1126.o
  CC      spl/drivers/mtd/spi/sf_mtd.o
  CC      spl/lib/hang.o
  CC      spl/arch/arm/lib/eabi_compat.o
  AS      spl/arch/arm/lib/uldivmod.o
  LD      spl/arch/arm/lib/built-in.o
  CC      spl/drivers/ram/rockchip/sdram_pctl_px30.o
  CC      spl/drivers/reset/reset-rockchip.o
  CC      spl/drivers/reset/reset-uclass.o
  LD      spl/drivers/pinctrl/rockchip/built-in.o
  CC      spl/lib/linux_compat.o
  CC      spl/lib/linux_string.o
  CC      spl/lib/string.o
  CC      spl/lib/slre.o
  CC      spl/lib/membuff.o
  AR      spl/arch/arm/lib/lib.a
  CC      spl/drivers/serial/serial-uclass.o
  CC      spl/drivers/serial/ns16550.o
  CC      spl/drivers/core/read_extra.o
  CC      spl/drivers/core/ofnode.o
  CC      spl/drivers/sysreset/sysreset-uclass.o
  CC      spl/drivers/mtd/nand/spi/gigadevice.o
  CC      spl/lib/stdlib.o
  CC      spl/drivers/sysreset/sysreset_rockchip.o
  CC      spl/lib/tables_csum.o
  LD      spl/drivers/ram/rockchip/built-in.o
  CC      spl/drivers/spi/spi-uclass.o
  CC      spl/drivers/spi/spi-mem.o
  LD      spl/drivers/ram/built-in.o
  LD      spl/drivers/pinctrl/built-in.o
  CC      spl/drivers/spi/rockchip_sfc.o
  LD      spl/drivers/reset/built-in.o
  CC      spl/lib/time.o
  CC      spl/lib/hexdump.o
  CC      spl/drivers/mtd/nand/spi/macronix.o
  CC      spl/drivers/mtd/nand/spi/micron.o
  CC      spl/drivers/mtd/nand/spi/toshiba.o
  CC      spl/lib/uuid.o
  CC      spl/lib/rand.o
  CC      spl/lib/tiny-printf.o
  CC      spl/drivers/mtd/nand/spi/winbond.o
  CC      spl/lib/panic.o
  CC      spl/lib/strto.o
  CC      spl/drivers/mtd/nand/spi/esmt.o
  CC      spl/drivers/mtd/nand/spi/dosilicon.o
  LD      spl/drivers/sysreset/built-in.o
  CC      spl/drivers/mtd/nand/spi/xtx.o
  LD      tpl/u-boot-tpl
  CC      spl/drivers/mtd/nand/spi/hyf.o
  CC      spl/drivers/mtd/nand/spi/fmsh.o
  CC      spl/drivers/mtd/nand/spi/foresee.o
  LD      spl/drivers/mtd/nand/nandcore.o
  LD      spl/drivers/mtd/spi/spi-nor.o
  LD      spl/drivers/serial/built-in.o
  OBJCOPY tpl/u-boot-tpl-nodtb.bin
  CC      spl/drivers/mtd/nand/spi/biwin.o
  LD      spl/drivers/mtd/spi/built-in.o
  CC      spl/drivers/mtd/nand/spi/etron.o
  CC      spl/drivers/mtd/nand/spi/silicongo.o
  COPY    tpl/u-boot-tpl.bin
  CC      spl/drivers/mtd/nand/spi/jsc.o
  CC      spl/drivers/mtd/nand/spi/unim.o
  CC      spl/drivers/mtd/nand/spi/skyhigh.o
  CC      spl/drivers/mtd/nand/spi/core.o
  LD      spl/drivers/core/built-in.o
  LD      spl/drivers/spi/built-in.o
  LD      spl/lib/built-in.o
  LD      spl/drivers/mtd/nand/spi/spinand.o
  LD      spl/drivers/mtd/nand/spi/built-in.o
  LD      spl/drivers/mtd/nand/built-in.o
  LD      spl/drivers/mtd/built-in.o
  LD      spl/drivers/built-in.o
  LD      spl/u-boot-spl
  OBJCOPY spl/u-boot-spl-nodtb.bin
  CAT     spl/u-boot-spl-dtb.bin
  COPY    spl/u-boot-spl.bin
  CFGCHK  u-boot.cfg
pack u-boot.itb okay! Input: /github/OpenHD-RV1126-OS/rkbin/RKTRUST/RV1126TOS.ini

FIT description: FIT Image with ATF/OP-TEE/U-Boot/MCU
Created:         Thu Mar 27 23:13:55 2025
 Image 0 (uboot)
  Description:  U-Boot
  Created:      Thu Mar 27 23:13:55 2025
  Type:         Standalone Program
  Compression:  gzip compressed
  Data Size:    425463 Bytes = 415.49 KiB = 0.41 MiB
  Architecture: ARM
  Load Address: 0x00600000
  Entry Point:  unavailable
  Hash algo:    sha256
  Hash value:   86055c3551d5bdb01d05df7f99684a08787b377a9f5b002a6ce488aab8520e0b
 Image 1 (optee)
  Description:  OP-TEE
  Created:      Thu Mar 27 23:13:55 2025
  Type:         Firmware
  Compression:  gzip compressed
  Data Size:    211186 Bytes = 206.24 KiB = 0.20 MiB
  Architecture: ARM
  Load Address: 0x08400000
  Hash algo:    sha256
  Hash value:   f953ad4e27e11a564a7c0e9f24acb21014f8ca8a6a1e134640599fb2dfd748ae
 Image 2 (fdt)
  Description:  U-Boot dtb
  Created:      Thu Mar 27 23:13:55 2025
  Type:         Flat Device Tree
  Compression:  uncompressed
  Data Size:    11240 Bytes = 10.98 KiB = 0.01 MiB
  Architecture: ARM
  Hash algo:    sha256
  Hash value:   b96ac080ba338f2d43ffbb9d5dcfc4d2037055d3264f0bfaef1ddec25dd0ffc3
 Default Configuration: 'conf'
 Configuration 0 (conf)
  Description:  rv1126-evb
  Kernel:       unavailable
  Firmware:     optee
  FDT:          fdt
  Loadables:    uboot
********boot_merger ver 1.35********
Info:Pack loader ok.
pack loader(SPL) okay! Input: /github/OpenHD-RV1126-OS/rkbin/RKBOOT/RV1126MINIALL.ini

/github/OpenHD-RV1126-OS/u-boot
pack loader with new: spl/u-boot-spl.bin

Image(no-signed, version=0): uboot.img (FIT with uboot, trust...) is ready
Image(no-signed): rv1126_spl_loader_v1.10.110.bin (with spl, ddr...) is ready
pack uboot.img okay! Input: /github/OpenHD-RV1126-OS/rkbin/RKTRUST/RV1126TOS.ini

Platform RV1126 is build OK, with new .config(make rv1126_defconfig -j24)
/github/OpenHD-RV1126-OS/prebuilts/gcc/linux-x86/arm/gcc-linaro-6.3.1-2017.05-x86_64_arm-linux-gnueabihf/bin/arm-rockchip631-linux-gnueabihf-
Thu Mar 27 23:13:55 CET 2025
[35mRunning build_uboot succeeded.[0m
Security not enabled
============Start building kernel============
TARGET_KERNEL_VERSION =4.19
TARGET_KERNEL_ARCH   =arm
TARGET_KERNEL_CONFIG =rv1126_defconfig
TARGET_KERNEL_CONFIG_FRAGMENTS =
TARGET_KERNEL_DTS    =rv1126-evb-ddr3-v12
==========================================
make: Entering directory '/github/OpenHD-RV1126-OS/kernel'
  HOSTCC  scripts/basic/fixdep
  HOSTCC  scripts/kconfig/conf.o
  YACC    scripts/kconfig/zconf.tab.c
  LEX     scripts/kconfig/zconf.lex.c
  HOSTCC  scripts/kconfig/zconf.tab.o
  HOSTLD  scripts/kconfig/conf
#
# configuration written to .config
#
make: Leaving directory '/github/OpenHD-RV1126-OS/kernel'
make: Entering directory '/github/OpenHD-RV1126-OS/kernel'
  WRAP    arch/arm/include/generated/uapi/asm/bitsperlong.h
  WRAP    arch/arm/include/generated/uapi/asm/bpf_perf_event.h
  WRAP    arch/arm/include/generated/uapi/asm/errno.h
  WRAP    arch/arm/include/generated/uapi/asm/ipcbuf.h
  WRAP    arch/arm/include/generated/uapi/asm/ioctl.h
  WRAP    arch/arm/include/generated/uapi/asm/poll.h
  WRAP    arch/arm/include/generated/uapi/asm/msgbuf.h
  WRAP    arch/arm/include/generated/uapi/asm/param.h
  WRAP    arch/arm/include/generated/uapi/asm/resource.h
  WRAP    arch/arm/include/generated/uapi/asm/sembuf.h
  WRAP    arch/arm/include/generated/uapi/asm/shmbuf.h
  WRAP    arch/arm/include/generated/uapi/asm/siginfo.h
  WRAP    arch/arm/include/generated/uapi/asm/socket.h
  WRAP    arch/arm/include/generated/uapi/asm/sockios.h
  WRAP    arch/arm/include/generated/uapi/asm/termbits.h
  WRAP    arch/arm/include/generated/uapi/asm/termios.h
  SYSHDR  arch/arm/include/generated/uapi/asm/unistd-oabi.h
  SYSHDR  arch/arm/include/generated/uapi/asm/unistd-common.h
  SYSHDR  arch/arm/include/generated/uapi/asm/unistd-eabi.h
  UPD     include/config/kernel.release
  UPD     include/generated/uapi/linux/version.h
  UPD     include/generated/utsrelease.h
  WRAP    arch/arm/include/generated/asm/compat.h
  WRAP    arch/arm/include/generated/asm/current.h
  WRAP    arch/arm/include/generated/asm/early_ioremap.h
  WRAP    arch/arm/include/generated/asm/emergency-restart.h
  WRAP    arch/arm/include/generated/asm/exec.h
  WRAP    arch/arm/include/generated/asm/extable.h
  WRAP    arch/arm/include/generated/asm/irq_regs.h
  WRAP    arch/arm/include/generated/asm/kdebug.h
  WRAP    arch/arm/include/generated/asm/local.h
  WRAP    arch/arm/include/generated/asm/local64.h
  WRAP    arch/arm/include/generated/asm/mm-arch-hooks.h
  WRAP    arch/arm/include/generated/asm/msi.h
  WRAP    arch/arm/include/generated/asm/parport.h
  WRAP    arch/arm/include/generated/asm/preempt.h
  WRAP    arch/arm/include/generated/asm/rwsem.h
  WRAP    arch/arm/include/generated/asm/seccomp.h
  WRAP    arch/arm/include/generated/asm/segment.h
  WRAP    arch/arm/include/generated/asm/serial.h
  WRAP    arch/arm/include/generated/asm/simd.h
  WRAP    arch/arm/include/generated/asm/timex.h
  WRAP    arch/arm/include/generated/asm/sizes.h
  WRAP    arch/arm/include/generated/asm/trace_clock.h
  HOSTCC  scripts/kallsyms
  HOSTCC  scripts/resource_tool
  HOSTCC  scripts/sortextable
  HOSTCC  scripts/mkkrnlimg
  HOSTCC  scripts/asn1_compiler
  HOSTCC  scripts/extract-cert
  CC      scripts/mod/empty.o
  HOSTCC  scripts/dtc/dtc.o
  HOSTCC  scripts/dtc/flattree.o
  HOSTCC  scripts/dtc/fstree.o
  HOSTCC  scripts/mod/mk_elfconfig
  CC      scripts/mod/devicetable-offsets.s
  HOSTCC  scripts/dtc/data.o
  HOSTCC  scripts/dtc/livetree.o
  HOSTCC  scripts/dtc/treesource.o
  SYSNR   arch/arm/include/generated/asm/unistd-nr.h
  GEN     arch/arm/include/generated/asm/mach-types.h
  HOSTCC  scripts/dtc/srcpos.o
  SYSTBL  arch/arm/include/generated/calls-oabi.S
  SYSTBL  arch/arm/include/generated/calls-eabi.S
  UPD     scripts/mod/devicetable-offsets.h
  MKELF   scripts/mod/elfconfig.h
  HOSTCC  scripts/mod/modpost.o
  HOSTCC  scripts/dtc/checks.o
  HOSTCC  scripts/mod/file2alias.o
  HOSTCC  scripts/mod/sumversion.o
  HOSTCC  scripts/dtc/util.o
  YACC    scripts/dtc/dtc-parser.tab.h
  LEX     scripts/dtc/dtc-lexer.lex.c
  YACC    scripts/dtc/dtc-parser.tab.c
  CC      kernel/bounds.s
  UPD     include/generated/timeconst.h
  HOSTCC  scripts/dtc/dtc-parser.tab.o
  HOSTCC  scripts/dtc/dtc-lexer.lex.o
  UPD     include/generated/bounds.h
  CC      arch/arm/kernel/asm-offsets.s
  HOSTLD  scripts/dtc/dtc
  UPD     include/generated/asm-offsets.h
  CALL    scripts/checksyscalls.sh
  HOSTLD  scripts/mod/modpost
  DTC     arch/arm/boot/dts/rv1126-evb-ddr3-v12.dtb
  CHK     include/generated/compile.h
  CC      init/main.o
  CC      init/do_mounts.o
  CC      init/do_mounts_initrd.o
  CC      init/noinitramfs.o
  CC      init/initramfs.o
  CC      init/calibrate.o
  CC      init/init_task.o
  HOSTCC  usr/gen_init_cpio
  UPD     include/generated/compile.h
  CC      init/version.o
  AS      arch/arm/vfp/entry.o
  CC      arch/arm/vfp/vfpmodule.o
  AS      arch/arm/vfp/vfphw.o
  CC      arch/arm/vfp/vfpsingle.o
  CC      arch/arm/vfp/vfpdouble.o
  GEN     usr/initramfs_data.cpio
  CC      arch/arm/mm/extable.o
  LDS     arch/arm/vdso/vdso.lds
  AS      usr/initramfs_data.o
  LDS     arch/arm/kernel/vmlinux.lds
  CC      arch/arm/kernel/elf.o
  AR      usr/built-in.a
  CC      arch/arm/vdso/vgettimeofday.o
  AS      arch/arm/kernel/entry-common.o
  CC      arch/arm/kernel/irq.o
  CC      arch/arm/mm/fault.o
  CC      arch/arm/kernel/opcodes.o
  CC      arch/arm/mm/init.o
  CC      arch/arm/mm/iomap.o
  CC      arch/arm/mm/dma-mapping.o
  CC      arch/arm/kernel/process.o
  AS      arch/arm/vdso/datapage.o
  HOSTCC  arch/arm/vdso/vdsomunge
  CC      arch/arm/kernel/ptrace.o
  CC      arch/arm/common/firmware.o
  AS      arch/arm/common/secure_cntvoff.o
  AR      arch/arm/vfp/built-in.a
  VDSO    arch/arm/vdso/vdso.so.raw
  CC      arch/arm/kernel/reboot.o
  AR      arch/arm/probes/built-in.a
  MUNGE   arch/arm/vdso/vdso.so.dbg
  CC      arch/arm/mm/fault-armv.o
  OBJCOPY arch/arm/vdso/vdso.so
  AS      arch/arm/vdso/vdso.o
  AR      arch/arm/net/built-in.a
  CC      arch/arm/kernel/return_address.o
  AR      arch/arm/vdso/built-in.a
  CC      arch/arm/kernel/signal.o
  CC      arch/arm/kernel/setup.o
  CC      arch/arm/mm/flush.o
  AR      init/built-in.a
  CC      arch/arm/mm/idmap.o
  AS      arch/arm/crypto/aes-neonbs-core.o
  CC      arch/arm/crypto/aes-neonbs-glue.o
  AR      arch/arm/common/built-in.a
  AS      arch/arm/crypto/sha1-armv4-large.o
  CC      arch/arm/mm/ioremap.o
  AS      arch/arm/kernel/sigreturn_codes.o
  CC      arch/arm/mm/mmap.o
  CC      arch/arm/crypto/sha1_glue.o
  CC      arch/arm/kernel/stacktrace.o
  AS      arch/arm/crypto/sha1-armv7-neon.o
  AR      arch/arm/firmware/built-in.a
  CC      arch/arm/crypto/sha1_neon_glue.o
  CC      arch/arm/mm/pgd.o
  CC      arch/arm/mm/mmu.o
  CC      arch/arm/kernel/sys_arm.o
  CC      arch/arm/mm/pageattr.o
  CC      arch/arm/mm/proc-syms.o
  CC      arch/arm/kernel/time.o
  CC      arch/arm/mm/alignment.o
  CC      arch/arm/kernel/traps.o
  CC      kernel/bpf/core.o
  CC      kernel/dma/mapping.o
  CC      arch/arm/kernel/atags_parse.o
  AS      arch/arm/kernel/entry-armv.o
  CC      arch/arm/kernel/bugs.o
  CC      arch/arm/kernel/cpuidle.o
  AS      arch/arm/crypto/sha256-core.o
  CC      arch/arm/crypto/sha256_glue.o
  CC      certs/system_keyring.o
  CC      arch/arm/mm/highmem.o
  AS      arch/arm/mm/abort-ev7.o
  CC      mm/filemap.o
  CC      arch/arm/crypto/sha256_neon_glue.o
  AS      arch/arm/crypto/sha512-core.o
  CC      arch/arm/crypto/sha512-glue.o
  CC      arch/arm/crypto/sha512-neon-glue.o
  EXTRACT_CERTS   
  CC      fs/configfs/inode.o
  CC      fs/configfs/file.o
  AS      certs/system_certificates.o
  CC      fs/configfs/dir.o
  AR      certs/built-in.a
  CC      kernel/dma/contiguous.o
  AS      arch/arm/mm/pabort-v7.o
  CC      arch/arm/kernel/armksyms.o
  CC      arch/arm/kernel/module.o
  AS      arch/arm/mm/cache-v7.o
  CC      arch/arm/mm/copypage-v6.o
  CC      arch/arm/mm/context.o
  AS      arch/arm/mm/tlb-v7.o
  AS      arch/arm/mm/proc-v7.o
  CC      arch/arm/mm/proc-v7-bugs.o
  AR      arch/arm/crypto/built-in.a
  CC      arch/arm/kernel/module-plts.o
  AS      arch/arm/kernel/sleep.o
  CC      kernel/dma/coherent.o
  CC      arch/arm/kernel/suspend.o
  CC      fs/configfs/symlink.o
  CC      ipc/util.o
  CC      arch/arm/kernel/smp.o
  CC      arch/arm/kernel/smp_tlb.o
  CC      kernel/dma/removed.o
  CC      mm/mempool.o
  AR      arch/arm/mm/built-in.a
  CC      arch/arm/kernel/smp_scu.o
  CC      ipc/msgutil.o
  CC      fs/configfs/mount.o
  CC      arch/arm/kernel/arch_timer.o
  CC      mm/oom_kill.o
  AR      kernel/bpf/built-in.a
  CC      mm/fadvise.o
  CC      kernel/events/core.o
  CC      kernel/events/ring_buffer.o
  CC      kernel/events/callchain.o
  AR      kernel/dma/built-in.a
  CC      kernel/irq/irqdesc.o
  CC      kernel/irq/handle.o
  CC      kernel/events/hw_breakpoint.o
  CC      kernel/irq/manage.o
  CC      arch/arm/kernel/jump_label.o
  CC      ipc/msg.o
  CC      fs/configfs/item.o
  CC      arch/arm/kernel/insn.o
  CC      arch/arm/kernel/patch.o
  CC      mm/maccess.o
  CC      security/keys/gc.o
  CC      security/keys/key.o
  CC      security/commoncap.o
  AR      fs/configfs/built-in.a
  CC      security/keys/keyring.o
  CC      fs/debugfs/inode.o
  CC      fs/devpts/inode.o
  AR      fs/exofs/built-in.a
  CC      security/keys/keyctl.o
  CC      fs/exportfs/expfs.o
  CC      mm/page_alloc.o
  CC      arch/arm/kernel/unwind.o
  CC      ipc/sem.o
  CC      ipc/shm.o
  CC      kernel/irq/spurious.o
  CC      kernel/irq/resend.o
  AR      fs/exportfs/built-in.a
  AR      fs/devpts/built-in.a
  CC      arch/arm/kernel/devtree.o
  CC      arch/arm/kernel/swp_emulate.o
  CC      fs/debugfs/file.o
  CC      security/keys/permission.o
  CC      arch/arm/kernel/hw_breakpoint.o
  CC      mm/page-writeback.o
  CC      mm/readahead.o
  CC      kernel/irq/chip.o
  CC      mm/swap.o
  CC      security/keys/process_keys.o
  CC      mm/truncate.o
  CC      mm/vmscan.o
  CC      mm/shmem.o
  AR      fs/debugfs/built-in.a
  CC      arch/arm/kernel/perf_regs.o
  CC      fs/ext4/balloc.o
  CC      kernel/irq/dummychip.o
  CC      security/keys/request_key.o
  CC      fs/ext4/bitmap.o
  CC      ipc/syscall.o
  CC      arch/arm/kernel/perf_callchain.o
  CC      arch/arm/kernel/perf_event_xscale.o
  CC      kernel/irq/devres.o
  CC      kernel/irq/generic-chip.o
  AR      kernel/livepatch/built-in.a
  CC      arch/arm/kernel/perf_event_v6.o
  CC      security/keys/request_key_auth.o
  CC      arch/arm/kernel/perf_event_v7.o
  CC      fs/ext4/block_validity.o
  CC      kernel/irq/autoprobe.o
  CC      ipc/ipc_sysctl.o
  CC      mm/util.o
  CC      arch/arm/kernel/topology.o
  CC      fs/ext4/dir.o
  CC      kernel/irq/irqdomain.o
  CC      security/keys/user_defined.o
  AR      ipc/built-in.a
  CC      block/partitions/check.o
  CC      block/partitions/cmdline.o
  CC      crypto/asymmetric_keys/asymmetric_type.o
  CC      crypto/api.o
  CC      crypto/asymmetric_keys/restrict.o
  CC      security/keys/proc.o
  CC      crypto/asymmetric_keys/signature.o
  CC      crypto/asymmetric_keys/public_key.o
  CC      arch/arm/kernel/vdso.o
  CC      block/partitions/msdos.o
  ASN.1   crypto/asymmetric_keys/x509.asn1.c
  ASN.1   crypto/asymmetric_keys/x509_akid.asn1.c
  CC      crypto/asymmetric_keys/x509_public_key.o
  CC      arch/arm/kernel/io.o
  CC      mm/mmzone.o
  CC      security/min_addr.o
  ASN.1   crypto/asymmetric_keys/pkcs7.asn1.c
  CC      crypto/asymmetric_keys/pkcs7_trust.o
  CC      fs/ext4/ext4_jbd2.o
  CC      kernel/irq/proc.o
  CC      security/keys/sysctl.o
  AS      arch/arm/kernel/hyp-stub.o
  CC      arch/arm/kernel/psci_smp.o
  CC      block/partitions/efi.o
  AR      kernel/events/built-in.a
  CC      fs/fat/cache.o
  CC      fs/jbd2/transaction.o
  CC      kernel/irq/cpuhotplug.o
  CC      kernel/irq/pm.o
  CC      mm/vmstat.o
  CC      crypto/asymmetric_keys/pkcs7_verify.o
  CC      fs/kernfs/mount.o
  AR      security/keys/built-in.a
  AR      security/built-in.a
  AS      arch/arm/kernel/smccc-call.o
  CC      drivers/amba/bus.o
  AS      arch/arm/kernel/head.o
  AR      drivers/android/built-in.a
  CC      fs/kernfs/inode.o
  CC      kernel/irq/affinity.o
  AR      arch/arm/kernel/built-in.a
  CC      kernel/locking/mutex.o
  AR      sound/arm/built-in.a
  CC      fs/ext4/extents.o
  AR      sound/atmel/built-in.a
  CC      fs/fat/dir.o
  CC      sound/core/sound.o
  CC      crypto/asymmetric_keys/x509.asn1.o
  CC      sound/core/init.o
  CC      crypto/asymmetric_keys/x509_akid.asn1.o
  AR      block/partitions/built-in.a
  CC      block/bio.o
  AR      drivers/auxdisplay/built-in.a
  CC      kernel/power/qos.o
  CC      crypto/asymmetric_keys/x509_cert_parser.o
  AR      kernel/irq/built-in.a
  CC      crypto/asymmetric_keys/pkcs7.asn1.o
  AR      drivers/amba/built-in.a
  CC      crypto/asymmetric_keys/pkcs7_parser.o
  CC      drivers/base/firmware_loader/fallback_table.o
  CC      fs/kernfs/dir.o
  CC      drivers/base/power/sysfs.o
  CC      kernel/locking/semaphore.o
  CC      kernel/locking/rwsem.o
  CC      mm/backing-dev.o
  AR      crypto/asymmetric_keys/built-in.a
  CC      crypto/cipher.o
  CC      sound/core/memory.o
  CC      drivers/base/firmware_loader/main.o
  CC      mm/mm_init.o
  CC      fs/jbd2/commit.o
  CC      kernel/power/main.o
  CC      drivers/base/power/generic_ops.o
  CC      fs/fat/fatent.o
  CC      sound/core/control.o
  CC      kernel/locking/percpu-rwsem.o
  CC      crypto/compress.o
  CC      sound/core/misc.o
  CC      fs/kernfs/file.o
  CC      kernel/locking/spinlock.o
  CC      block/elevator.o
  CC      drivers/base/power/common.o
  CC      mm/mmu_context.o
  AR      drivers/base/firmware_loader/built-in.a
  CC      mm/percpu.o
  CC      kernel/power/process.o
  CC      drivers/base/regmap/regmap.o
  CC      kernel/locking/osq_lock.o
  CC      drivers/base/power/qos.o
  CC      crypto/memneq.o
  CC      fs/jbd2/recovery.o
  CC      crypto/crypto_wq.o
  CC      kernel/locking/rtmutex.o
  CC      fs/fat/file.o
  CC      fs/kernfs/symlink.o
  CC      crypto/algapi.o
  CC      kernel/power/suspend.o
  CC      sound/core/device.o
  CC      crypto/scatterwalk.o
  CC      block/blk-core.o
  CC      drivers/base/power/runtime.o
  AR      fs/kernfs/built-in.a
  CC      drivers/base/power/wakeirq.o
  CC      kernel/locking/rwsem-xadd.o
  CC      fs/ext4/extents_status.o
  CC      sound/core/info.o
  CC      fs/jbd2/checkpoint.o
  CC      fs/fat/inode.o
  CC      mm/slab_common.o
  CC      drivers/base/regmap/regcache.o
  CC      crypto/proc.o
  CC      drivers/base/regmap/regcache-rbtree.o
  CC      kernel/power/poweroff.o
  AR      kernel/locking/built-in.a
  AR      firmware/built-in.a
  CC      kernel/power/energy_model.o
  CC      drivers/base/power/main.o
  CC      kernel/power/wakeup_reason.o
  CC      fs/jbd2/revoke.o
  CC      sound/core/ctljack.o
  CC      fs/jbd2/journal.o
  CC      mm/compaction.o
  CC      drivers/base/regmap/regcache-flat.o
  CC      drivers/base/regmap/regmap-debugfs.o
  CC      crypto/aead.o
  CC      fs/ext4/file.o
  CC      sound/core/jack.o
  CC      crypto/ablkcipher.o
  AR      kernel/power/built-in.a
  CC      kernel/printk/printk.o
  CC      crypto/blkcipher.o
  CC      crypto/skcipher.o
  CC      drivers/base/regmap/regmap-i2c.o
  CC      fs/fat/misc.o
  CC      sound/core/timer.o
  CC      fs/ext4/fsmap.o
  CC      fs/ext4/fsync.o
  CC      block/blk-tag.o
  CC      fs/ext4/hash.o
  CC      drivers/base/regmap/regmap-spi.o
  CC      drivers/base/power/wakeup.o
  CC      mm/vmacache.o
  CC      fs/fat/nfs.o
  CC      fs/fat/namei_vfat.o
  AR      fs/jbd2/built-in.a
  CC      fs/ext4/ialloc.o
  CC      drivers/base/regmap/regmap-mmio.o
  CC      drivers/base/regmap/regmap-irq.o
  CC      crypto/seqiv.o
  CC      block/blk-sysfs.o
  CC      mm/interval_tree.o
  CC      mm/list_lru.o
  CC      drivers/block/zram/zcomp.o
  CC      drivers/block/zram/zram_drv.o
  CC      kernel/printk/printk_safe.o
  CC      mm/workingset.o
  CC      sound/core/hrtimer.o
  CC      drivers/base/power/wakeup_stats.o
  CC      drivers/base/power/domain.o
  CC      crypto/ahash.o
  AR      fs/fat/built-in.a
  CC      crypto/shash.o
  CC      mm/debug.o
  AR      drivers/base/regmap/built-in.a
  AR      drivers/base/test/built-in.a
  AR      net/802/built-in.a
  CC      drivers/base/component.o
  CC      net/bluetooth/hidp/core.o
  AR      kernel/printk/built-in.a
  CC      kernel/rcu/update.o
  CC      sound/core/pcm.o
  CC      kernel/sched/core.o
  CC      block/blk-flush.o
  CC      block/blk-settings.o
  CC      fs/ext4/indirect.o
  AR      drivers/block/zram/built-in.a
  CC      mm/gup.o
  AR      drivers/block/built-in.a
  CC      fs/ext4/inline.o
  CC      crypto/akcipher.o
  CC      kernel/sched/loadavg.o
  CC      fs/ext4/inode.o
  CC      kernel/rcu/sync.o
  CC      block/blk-ioc.o
  CC      sound/core/pcm_native.o
  CC      kernel/rcu/srcutree.o
  CC      crypto/kpp.o
  CC      kernel/rcu/tree.o
  CC      drivers/base/power/domain_governor.o
  CC      net/bluetooth/hidp/sock.o
  CC      mm/highmem.o
  CC      kernel/sched/clock.o
  CC      net/bpf/test_run.o
  CC      block/blk-map.o
  CC      drivers/base/power/clock_ops.o
  ASN.1   crypto/rsapubkey.asn1.c
  ASN.1   crypto/rsaprivkey.asn1.c
  CC      kernel/rcu/rcu_segcblist.o
  CC      crypto/rsa.o
  CC      fs/ext4/ioctl.o
  CC      mm/memory.o
  AR      drivers/base/power/built-in.a
  CC      drivers/base/core.o
  AR      net/bluetooth/hidp/built-in.a
  CC      net/bluetooth/rfcomm/core.o
  CC      net/bluetooth/rfcomm/sock.o
  CC      block/blk-exec.o
  CC      block/blk-merge.o
  CC      crypto/rsa_helper.o
  AR      net/bpf/built-in.a
  CC      block/blk-softirq.o
  CC      kernel/sched/cputime.o
  CC      crypto/rsa-pkcs1pad.o
  CC      crypto/acompress.o
  CC      sound/core/pcm_lib.o
  CC      fs/ext4/mballoc.o
  CC      fs/ext4/migrate.o
  CC      net/core/sock.o
  CC      net/core/request_sock.o
  CC      crypto/scompress.o
  CC      block/blk-timeout.o
  AR      kernel/rcu/built-in.a
  CC      kernel/sched/idle.o
  CC      net/core/skbuff.o
  CC      net/bluetooth/rfcomm/tty.o
  CC      drivers/base/bus.o
  CC      mm/mincore.o
  CC      kernel/sched/fair.o
  CC      block/blk-lib.o
  CC      block/blk-mq.o
  CC      crypto/algboss.o
  CC      crypto/testmgr.o
  CC      sound/core/pcm_misc.o
  CC      crypto/cmac.o
  CC      drivers/base/dd.o
  CC      mm/mlock.o
  CC      crypto/hmac.o
  CC      arch/arm/lib/uaccess_with_memcpy.o
  CC      crypto/crypto_null.o
  AR      net/bluetooth/rfcomm/built-in.a
  CC      net/bluetooth/af_bluetooth.o
  CC      sound/core/pcm_memory.o
  CC      sound/core/memalloc.o
  CC      drivers/base/syscore.o
  AS      arch/arm/lib/ashldi3.o
  CC      crypto/sha1_generic.o
  AS      arch/arm/lib/ashrdi3.o
  HOSTCC  lib/gen_crc32table
  AS      arch/arm/lib/backtrace.o
  CC      mm/mmap.o
  CC      lib/lz4/lz4_decompress.o
  AS      arch/arm/lib/bswapsdi2.o
  CC      sound/core/pcm_timer.o
  CC      drivers/base/driver.o
  AS      arch/arm/lib/call_with_stack.o
  AR      sound/drivers/mpu401/built-in.a
  AS      arch/arm/lib/changebit.o
  AR      sound/drivers/opl3/built-in.a
  AR      sound/drivers/opl4/built-in.a
  AR      sound/drivers/pcsp/built-in.a
  AS      arch/arm/lib/clear_user.o
  AR      sound/drivers/vx/built-in.a
  CC      sound/drivers/aloop.o
  AS      arch/arm/lib/clearbit.o
  CC      fs/ext4/mmp.o
  CC      crypto/sha256_generic.o
  CC      crypto/gf128mul.o
  CC      net/bluetooth/hci_core.o
  AS      arch/arm/lib/copy_from_user.o
  CC      drivers/base/class.o
  CC      block/blk-mq-tag.o
  AS      arch/arm/lib/copy_page.o
  CC      sound/core/pcm_dmaengine.o
  AS      arch/arm/lib/copy_to_user.o
  AS      arch/arm/lib/csumipv6.o
  AS      arch/arm/lib/csumpartial.o
  AS      arch/arm/lib/csumpartialcopy.o
  CC      drivers/base/platform.o
  CC      crypto/ecb.o
  AS      arch/arm/lib/csumpartialcopyuser.o
  CC      fs/ext4/move_extent.o
  AS      arch/arm/lib/delay-loop.o
  CC      net/core/datagram.o
  CC      block/blk-stat.o
  CC      arch/arm/lib/delay.o
  AR      sound/core/built-in.a
  CC      net/core/stream.o
  AR      sound/drivers/built-in.a
  CC      net/bluetooth/hci_conn.o
  AR      sound/firewire/built-in.a
  AR      sound/hda/built-in.a
  AR      sound/i2c/other/built-in.a
  CC      kernel/sched/rt.o
  AR      sound/i2c/built-in.a
  AR      sound/isa/ad1816a/built-in.a
  AR      sound/isa/ad1848/built-in.a
  AS      arch/arm/lib/div64.o
  AR      sound/isa/cs423x/built-in.a
  AR      sound/isa/es1688/built-in.a
  CC      crypto/ctr.o
  AR      sound/isa/galaxy/built-in.a
  AR      sound/isa/gus/built-in.a
  AS      arch/arm/lib/findbit.o
  AR      sound/isa/msnd/built-in.a
  AS      arch/arm/lib/getuser.o
  AR      sound/isa/opti9xx/built-in.a
  AR      sound/isa/sb/built-in.a
  CC      mm/mprotect.o
  AR      sound/isa/wavefront/built-in.a
  AS      arch/arm/lib/io-readsb.o
  AR      sound/isa/wss/built-in.a
  AR      sound/isa/built-in.a
  AS      arch/arm/lib/io-readsl.o
  AR      sound/mips/built-in.a
  AR      sound/parisc/built-in.a
  AS      arch/arm/lib/io-readsw-armv4.o
  AR      sound/pci/ac97/built-in.a
  CC      block/blk-mq-sysfs.o
  AR      sound/pci/ali5451/built-in.a
  CC      drivers/base/cpu.o
  AR      sound/pci/asihpi/built-in.a
  AS      arch/arm/lib/io-writesb.o
  AR      sound/pci/au88x0/built-in.a
  AR      sound/pci/aw2/built-in.a
  AS      arch/arm/lib/io-writesl.o
  AR      sound/pci/ca0106/built-in.a
  AR      lib/lz4/built-in.a
  CC      lib/lzo/lzo1x_compress.o
  AR      sound/pci/cs46xx/built-in.a
  AR      sound/pci/cs5535audio/built-in.a
  AR      sound/pci/ctxfi/built-in.a
  CC      fs/ext4/namei.o
  AS      arch/arm/lib/io-writesw-armv4.o
  AR      sound/pci/echoaudio/built-in.a
  AR      sound/pci/emu10k1/built-in.a
  AR      sound/pci/hda/built-in.a
  AR      sound/pci/ice1712/built-in.a
  AR      sound/pci/korg1212/built-in.a
  AR      sound/pci/lola/built-in.a
  AS      arch/arm/lib/lib1funcs.o
  AR      sound/pci/lx6464es/built-in.a
  CC      lib/lzo/lzo1x_decompress_safe.o
  AR      sound/pci/mixart/built-in.a
  AR      sound/pci/nm256/built-in.a
  AS      arch/arm/lib/lshrdi3.o
  AR      sound/pci/oxygen/built-in.a
  AR      sound/pci/pcxhr/built-in.a
  AR      sound/pci/riptide/built-in.a
  AR      sound/pci/rme9652/built-in.a
  AS      arch/arm/lib/memchr.o
  CC      crypto/gcm.o
  AR      sound/pci/trident/built-in.a
  CC      net/core/scm.o
  AR      sound/pci/vx222/built-in.a
  AS      arch/arm/lib/memcpy.o
  AR      sound/pci/ymfpci/built-in.a
  AR      sound/pci/built-in.a
  CC      net/core/gen_stats.o
  AR      sound/pcmcia/pdaudiocf/built-in.a
  AR      sound/pcmcia/vx/built-in.a
  CC      drivers/base/firmware.o
  AR      sound/pcmcia/built-in.a
  AS      arch/arm/lib/memmove.o
  AR      sound/ppc/built-in.a
  AR      sound/sh/built-in.a
  CC      mm/mremap.o
  AR      sound/soc/adi/built-in.a
  AS      arch/arm/lib/memset.o
  AR      sound/soc/amd/built-in.a
  AR      sound/soc/atmel/built-in.a
  AR      lib/lzo/built-in.a
  AS      arch/arm/lib/muldi3.o
  AR      sound/soc/au1x/built-in.a
  CC      block/blk-mq-cpumap.o
  CC      lib/mpi/generic_mpih-lshift.o
  AR      sound/soc/bcm/built-in.a
  AR      sound/soc/cirrus/built-in.a
  AS      arch/arm/lib/putuser.o
  CC      sound/soc/codecs/dummy-codec.o
  AS      arch/arm/lib/setbit.o
  CC      drivers/base/init.o
  AS      arch/arm/lib/strchr.o
  AS      arch/arm/lib/strrchr.o
  CC      sound/soc/codecs/rk817_codec.o
  CC      net/bluetooth/hci_event.o
  CC      kernel/sched/deadline.o
  CC      lib/mpi/generic_mpih-mul1.o
  AS      arch/arm/lib/testchangebit.o
  CC      drivers/base/map.o
  AS      arch/arm/lib/testclearbit.o
  CC      block/blk-mq-sched.o
  AS      arch/arm/lib/testsetbit.o
  AS      arch/arm/lib/ucmpdi2.o
  CC      mm/msync.o
  CC      mm/page_vma_mapped.o
  AR      arch/arm/lib/lib.a
  CC      net/core/gen_estimator.o
  CC      lib/mpi/generic_mpih-mul2.o
  EXPORTS arch/arm/lib/lib-ksyms.o
  AR      arch/arm/lib/built-in.a
  CC      lib/mpi/generic_mpih-mul3.o
  CC      crypto/ccm.o
  CC      drivers/base/devres.o
  CC      crypto/cryptd.o
  CC      crypto/aes_generic.o
  CC      net/ethernet/eth.o
  CC      mm/pagewalk.o
  CC      lib/mpi/generic_mpih-rshift.o
  AR      sound/soc/codecs/built-in.a
  AR      sound/soc/davinci/built-in.a
  CC      block/ioctl.o
  AR      sound/soc/dwc/built-in.a
  AR      sound/soc/fsl/built-in.a
  CC      sound/soc/generic/simple-card-utils.o
  CC      net/core/net_namespace.o
  CC      drivers/base/attribute_container.o
  CC      mm/pgtable-generic.o
  CC      lib/mpi/generic_mpih-sub1.o
  CC      mm/rmap.o
  CC      fs/ext4/page-io.o
  CC      drivers/base/transport_class.o
  CC      drivers/base/topology.o
  CC      crypto/arc4.o
  CC      sound/soc/generic/simple-card.o
  CC      lib/mpi/generic_mpih-add1.o
  CC      block/genhd.o
  CC      lib/mpi/mpicoder.o
  AR      net/ethernet/built-in.a
  CC      net/core/secure_seq.o
  CC      kernel/sched/wait.o
  CC      mm/vmalloc.o
  CC      drivers/base/container.o
  CC      lib/mpi/mpi-bit.o
  CC      crypto/crc32c_generic.o
  CC      net/core/flow_dissector.o
  AR      sound/soc/generic/built-in.a
  CC      fs/ext4/readpage.o
  CC      fs/ext4/resize.o
  AR      sound/soc/hisilicon/built-in.a
  AR      sound/soc/img/built-in.a
  CC      drivers/base/property.o
  AR      sound/soc/intel/boards/built-in.a
  AR      sound/soc/intel/common/built-in.a
  CC      mm/process_vm_access.o
  AR      sound/soc/intel/built-in.a
  AR      sound/soc/jz4740/built-in.a
  CC      lib/mpi/mpi-cmp.o
  AR      sound/soc/kirkwood/built-in.a
  AR      sound/soc/mediatek/built-in.a
  CC      net/core/sysctl_net_core.o
  AR      sound/soc/meson/built-in.a
  AR      sound/soc/mxs/built-in.a
  AR      sound/soc/nuc900/built-in.a
  CC      crypto/lzo.o
  AR      sound/soc/omap/built-in.a
  AR      sound/soc/pxa/built-in.a
  CC      kernel/sched/wait_bit.o
  AR      sound/soc/qcom/built-in.a
  CC      sound/soc/rockchip/rockchip_i2s.o
  CC      lib/mpi/mpih-cmp.o
  CC      sound/soc/rockchip/rockchip_i2s_tdm.o
  CC      block/partition-generic.o
  CC      block/ioprio.o
  CC      crypto/rng.o
  CC      net/bluetooth/mgmt.o
  CC      mm/init-mm.o
  CC      lib/mpi/mpih-div.o
  CC      net/core/dev.o
  CC      drivers/base/cacheinfo.o
  CC      fs/ext4/super.o
  CC      mm/nobootmem.o
  CC      kernel/sched/swait.o
  CC      fs/ext4/symlink.o
  CC      fs/ext4/sysfs.o
  CC      crypto/drbg.o
  CC      sound/soc/rockchip/rockchip_pdm.o
  CC      lib/mpi/mpih-mul.o
  CC      block/badblocks.o
  CC      drivers/base/devcon.o
  CC      block/blk-rq-qos.o
  CC      mm/madvise.o
  CC      fs/ext4/xattr.o
  CC      drivers/base/devtmpfs.o
  CC      kernel/sched/completion.o
  CC      drivers/base/module.o
  CC      lib/mpi/mpi-pow.o
  CC      lib/mpi/mpiutil.o
  AR      sound/soc/rockchip/built-in.a
  CC      crypto/jitterentropy.o
  AR      sound/soc/samsung/built-in.a
  AR      sound/soc/sh/built-in.a
  CC      block/bounce.o
  AR      sound/soc/sirf/built-in.a
  AR      sound/soc/spear/built-in.a
  CC      crypto/jitterentropy-kcapi.o
  AR      sound/soc/sti/built-in.a
  AR      sound/soc/stm/built-in.a
  CC      drivers/base/pinctrl.o
  AR      sound/soc/sunxi/built-in.a
  AR      sound/soc/tegra/built-in.a
  AR      sound/soc/txx9/built-in.a
  AR      sound/soc/uniphier/built-in.a
  AR      sound/soc/ux500/built-in.a
  AR      sound/soc/xtensa/built-in.a
  CC      drivers/base/arch_topology.o
  AR      sound/soc/zte/built-in.a
  CC      sound/soc/soc-core.o
  AR      virt/lib/built-in.a
  AR      virt/built-in.a
  CC      drivers/bluetooth/hci_ldisc.o
  AR      lib/mpi/built-in.a
  CC      lib/reed_solomon/reed_solomon.o
  CC      mm/memblock.o
  AR      drivers/bus/built-in.a
  CC      crypto/ghash-generic.o
  CC      crypto/ecc.o
  CC      kernel/sched/cpupri.o
  CC      block/scsi_ioctl.o
  AR      drivers/base/built-in.a
  AR      lib/reed_solomon/built-in.a
  CC      lib/xz/xz_dec_syms.o
  CC      lib/xz/xz_dec_stream.o
  CC      mm/page_io.o
  CC      lib/xz/xz_dec_lzma2.o
  CC      mm/swap_state.o
  CC      fs/ext4/xattr_trusted.o
  CC      drivers/bluetooth/hci_h4.o
  CC      lib/xz/xz_dec_bcj.o
  CC      kernel/sched/cpudeadline.o
  CC      crypto/ecdh.o
  CC      block/bsg.o
  CC      block/noop-iosched.o
  AR      lib/xz/built-in.a
  CC      crypto/ecdh_helper.o
  CC      lib/zlib_inflate/inffast.o
  CC      crypto/hash_info.o
  CC      fs/ext4/xattr_user.o
  CC      net/bluetooth/hci_sysfs.o
  CC      net/bluetooth/hci_sock.o
  CC      sound/soc/soc-dapm.o
  CC      lib/zlib_inflate/inflate.o
  CC      crypto/simd.o
  CC      crypto/rsapubkey.asn1.o
  AR      drivers/bluetooth/built-in.a
  AR      drivers/cdrom/built-in.a
  CC      mm/swapfile.o
  AR      drivers/char/agp/built-in.a
  CC      drivers/char/hw_random/core.o
  CC      drivers/char/mem.o
  CC      drivers/char/random.o
  CC      kernel/sched/topology.o
  CC      block/deadline-iosched.o
  AR      fs/ext4/built-in.a
  CC      fs/nls/nls_base.o
  CC      lib/zlib_inflate/infutil.o
  CC      crypto/rsaprivkey.asn1.o
  CC      kernel/sched/stop_task.o
  AR      crypto/built-in.a
  CC      kernel/sched/pelt.o
  CC      drivers/char/hw_random/rockchip-rng.o
  CC      lib/zlib_inflate/inftrees.o
  CC      lib/zlib_inflate/inflate_syms.o
  CC      fs/nls/nls_cp437.o
  CC      block/cfq-iosched.o
  CC      net/ipv4/route.o
  AR      lib/zlib_inflate/built-in.a
  GEN     lib/oid_registry_data.c
  CC      fs/nls/nls_iso8859-1.o
  CC      lib/lockref.o
  AR      drivers/char/hw_random/built-in.a
  CC      net/ipv4/inetpeer.o
  CC      net/bluetooth/l2cap_core.o
  CC      net/core/ethtool.o
  CC      drivers/char/misc.o
  CC      lib/bcd.o
  AR      fs/nls/built-in.a
  CC      lib/div64.o
  AR      fs/notify/dnotify/built-in.a
  AR      fs/notify/fanotify/built-in.a
  CC      fs/notify/inotify/inotify_fsnotify.o
  CC      net/core/dev_addr_lists.o
  CC      lib/sort.o
  CC      net/core/dst.o
  CC      lib/parser.o
  AR      drivers/char/built-in.a
  AR      drivers/char/ipmi/built-in.a
  CC      sound/soc/soc-jack.o
  AR      drivers/clk/actions/built-in.a
  AR      drivers/clk/bcm/built-in.a
  CC      fs/notify/inotify/inotify_user.o
  AR      drivers/clk/imgtec/built-in.a
  AR      drivers/clk/mediatek/built-in.a
  CC      kernel/sched/cpufreq.o
  AR      drivers/clk/mvebu/built-in.a
  AR      drivers/clk/renesas/built-in.a
  CC      mm/swap_slots.o
  CC      drivers/clk/rockchip/clk.o
  CC      mm/dmapool.o
  CC      lib/debug_locks.o
  CC      net/core/netevent.o
  CC      drivers/clk/rockchip/clk-pll.o
  CC      sound/soc/soc-utils.o
  CC      lib/random32.o
  CC      lib/bust_spinlocks.o
  AR      fs/notify/inotify/built-in.a
  CC      fs/notify/fsnotify.o
  CC      fs/notify/notification.o
  CC      mm/ksm.o
  CC      kernel/sched/membarrier.o
  CC      block/mq-deadline.o
  CC      mm/slub.o
  CC      lib/kasprintf.o
  CC      sound/soc/soc-pcm.o
  CC      sound/soc/soc-io.o
  CC      net/ipv4/protocol.o
  CC      sound/soc/soc-devres.o
  CC      net/core/neighbour.o
  CC      fs/notify/group.o
  CC      lib/bitmap.o
  CC      block/kyber-iosched.o
  AR      kernel/sched/built-in.a
  CC      kernel/time/time.o
  CC      kernel/fork.o
  CC      kernel/time/timer.o
  CC      net/ipv4/ip_input.o
  CC      fs/notify/mark.o
  CC      drivers/clk/rockchip/clk-cpu.o
  CC      lib/scatterlist.o
  CC      lib/gcd.o
  CC      block/bfq-iosched.o
  CC      drivers/clk/rockchip/clk-half-divider.o
  CC      drivers/clk/rockchip/clk-inverter.o
  CC      mm/migrate.o
  CC      fs/notify/fdinfo.o
  CC      kernel/time/hrtimer.o
  CC      drivers/clk/rockchip/clk-mmc-phase.o
  CC      kernel/time/timekeeping.o
  CC      net/ipv4/ip_fragment.o
  CC      sound/soc/soc-ops.o
  CC      net/bluetooth/l2cap_sock.o
  CC      lib/lcm.o
  CC      lib/list_sort.o
  CC      kernel/time/ntp.o
  AR      fs/notify/built-in.a
  CC      fs/overlayfs/super.o
  CC      drivers/clk/rockchip/clk-muxgrf.o
  CC      fs/overlayfs/namei.o
  CC      lib/uuid.o
  CC      drivers/clk/rockchip/clk-ddr.o
  CC      net/core/rtnetlink.o
  CC      lib/flex_array.o
  CC      sound/soc/soc-generic-dmaengine-pcm.o
  CC      kernel/time/clocksource.o
  CC      mm/page_isolation.o
  CC      mm/zsmalloc.o
  CC      net/ipv4/ip_forward.o
  CC      lib/iov_iter.o
  CC      fs/overlayfs/util.o
  CC      fs/overlayfs/inode.o
  CC      drivers/clk/rockchip/clk-pvtm.o
  CC      net/bluetooth/smp.o
  CC      drivers/clk/rockchip/clk-dclk-divider.o
  CC      drivers/clk/rockchip/softrst.o
  CC      block/bfq-wf2q.o
  AR      sound/soc/built-in.a
  CC      kernel/time/jiffies.o
  AR      sound/sparc/built-in.a
  AR      sound/spi/built-in.a
  CC      mm/early_ioremap.o
  AR      sound/synth/built-in.a
  AR      sound/usb/6fire/built-in.a
  AR      sound/usb/bcd2000/built-in.a
  CC      mm/cma.o
  CC      drivers/clk/rockchip/clk-rv1126.o
  AR      sound/usb/caiaq/built-in.a
  AR      sound/usb/hiface/built-in.a
  CC      kernel/exec_domain.o
  AR      sound/usb/misc/built-in.a
  AR      sound/usb/usx2y/built-in.a
  AR      sound/usb/built-in.a
  AR      sound/x86/built-in.a
  CC      fs/overlayfs/file.o
  AR      sound/xen/built-in.a
  CC      kernel/time/timer_list.o
  CC      sound/sound_core.o
  CC      net/ipv4/ip_options.o
  AR      drivers/clk/rockchip/built-in.a
  AR      drivers/clk/ti/built-in.a
  CC      block/bfq-cgroup.o
  CC      drivers/clk/clk-devres.o
  CC      sound/last.o
  CC      fs/proc/task_mmu.o
  CC      mm/frame_vector.o
  CC      fs/proc/inode.o
  CC      fs/pstore/inode.o
  CC      fs/overlayfs/dir.o
  CC      kernel/time/timeconv.o
  CC      drivers/clk/clk-bulk.o
  AR      sound/built-in.a
  CC      drivers/clk/clkdev.o
  CC      block/cmdline-parser.o
  CC      kernel/time/timecounter.o
  CC      lib/clz_ctz.o
  CC      mm/memfd.o
  CC      kernel/time/alarmtimer.o
  CC      lib/find_bit.o
  CC      lib/bsearch.o
  CC      lib/llist.o
  CC      net/ipv4/ip_output.o
  CC      fs/pstore/platform.o
  CC      drivers/clk/clk.o
  CC      drivers/clocksource/timer-of.o
  CC      drivers/clocksource/timer-probe.o
  CC      net/core/utils.o
  CC      net/bluetooth/lib.o
  AR      block/built-in.a
  CC      net/bluetooth/ecdh_helper.o
  CC      fs/overlayfs/readdir.o
  CC      lib/memweight.o
  CC      fs/proc/root.o
  CC      drivers/clocksource/mmio.o
  CC      fs/pstore/pmsg.o
  CC      lib/kfifo.o
  AR      mm/built-in.a
  CC      lib/percpu-refcount.o
  CC      kernel/time/posix-timers.o
  CC      kernel/time/posix-cpu-timers.o
  CC      net/bluetooth/hci_request.o
  CC      drivers/clocksource/rockchip_timer.o
  CC      fs/pstore/ram.o
  CC      fs/proc/base.o
  CC      fs/pstore/ram_core.o
  CC      drivers/clocksource/arm_arch_timer.o
  CC      drivers/clocksource/dummy_timer.o
  CC      lib/rhashtable.o
  CC      fs/overlayfs/copy_up.o
  CC      net/core/link_watch.o
  CC      net/core/filter.o
  CC      kernel/time/posix-clock.o
  CC      net/core/sock_diag.o
  AR      fs/pstore/built-in.a
  CC      kernel/time/itimer.o
  AR      fs/quota/built-in.a
  CC      net/bluetooth/mgmt_util.o
  CC      net/ipv4/ip_sockglue.o
  AR      drivers/clocksource/built-in.a
  CC      net/core/dev_ioctl.o
  CC      fs/overlayfs/export.o
  CC      drivers/clk/clk-divider.o
  CC      drivers/clk/clk-fixed-factor.o
  CC      lib/reciprocal_div.o
  CC      net/core/tso.o
  CC      kernel/time/clockevents.o
  CC      lib/once.o
  CC      net/core/sock_reuseport.o
  CC      fs/proc/generic.o
  AR      fs/overlayfs/built-in.a
  CC      drivers/clk/clk-fixed-rate.o
  CC      net/bluetooth/sco.o
  CC      fs/proc/array.o
  CC      kernel/time/tick-common.o
  CC      net/core/fib_notifier.o
  CC      lib/refcount.o
  CC      drivers/clk/clk-gate.o
  CC      drivers/clk/clk-multiplier.o
  CC      drivers/clk/clk-mux.o
  CC      net/core/xdp.o
  CC      lib/usercopy.o
  CC      net/ipv4/inet_hashtables.o
  CC      fs/proc/fd.o
  CC      drivers/clk/clk-composite.o
  CC      fs/proc/proc_tty.o
  CC      net/ipv6/addrconf_core.o
  CC      lib/errseq.o
  CC      kernel/time/tick-broadcast.o
  CC      lib/bucket_locks.o
  CC      net/ipv6/exthdrs_core.o
  CC      net/core/net-sysfs.o
  CC      net/ipv6/ip6_checksum.o
  CC      drivers/clk/clk-fractional-divider.o
  CC      net/ipv6/ip6_icmp.o
  CC      lib/string_helpers.o
  CC      fs/proc/cmdline.o
  CC      net/bluetooth/a2mp.o
  CC      net/core/net-procfs.o
  CC      kernel/time/tick-broadcast-hrtimer.o
  CC      fs/proc/consoles.o
  CC      drivers/clk/clk-gpio.o
  CC      net/ipv6/output_core.o
  CC      fs/proc/cpuinfo.o
  CC      lib/hexdump.o
  CC      kernel/time/sched_clock.o
  CC      net/ipv4/inet_timewait_sock.o
  CC      net/ipv4/inet_connection_sock.o
  CC      net/core/ptp_classifier.o
  CC      fs/proc/devices.o
  CC      drivers/clk/clk-conf.o
  CC      lib/kstrtox.o
  CC      fs/proc/interrupts.o
  CC      net/core/gro_cells.o
  CC      kernel/time/tick-oneshot.o
  CC      lib/pci_iomap.o
  CC      net/bluetooth/amp.o
  CC      fs/ramfs/inode.o
  CC      fs/ramfs/file-mmu.o
  CC      drivers/clk/clk-rk808.o
  CC      fs/proc/loadavg.o
  CC      net/ipv6/protocol.o
  CC      kernel/time/tick-sched.o
  CC      kernel/time/timekeeping_debug.o
  CC      lib/iomap_copy.o
  CC      net/ipv6/ip6_offload.o
  CC      fs/proc/meminfo.o
  CC      fs/squashfs/block.o
  CC      lib/devres.o
  CC      lib/logic_pio.o
  AR      net/core/built-in.a
  AR      fs/ramfs/built-in.a
  CC      fs/squashfs/cache.o
  AR      drivers/clk/built-in.a
  CC      fs/sysfs/file.o
  CC      drivers/cpufreq/cpufreq.o
  CC      fs/sysfs/dir.o
  CC      net/ipv6/tcpv6_offload.o
  CC      net/ipv4/tcp.o
  CC      fs/proc/stat.o
  CC      fs/squashfs/dir.o
  AR      net/bluetooth/built-in.a
  CC      lib/hweight.o
  CC      drivers/cpuidle/governors/menu.o
  AR      drivers/crypto/hisilicon/built-in.a
  AR      drivers/crypto/built-in.a
  CC      fs/ubifs/shrinker.o
  CC      lib/assoc_array.o
  CC      drivers/cpuidle/cpuidle.o
  CC      drivers/cpuidle/driver.o
  AR      kernel/time/built-in.a
  CC      fs/sysfs/symlink.o
  CC      kernel/panic.o
  CC      net/ipv6/exthdrs_offload.o
  CC      fs/squashfs/export.o
  CC      fs/proc/uptime.o
  AR      drivers/cpuidle/governors/built-in.a
  CC      drivers/cpuidle/governor.o
  CC      drivers/cpuidle/sysfs.o
  CC      fs/sysfs/mount.o
  CC      fs/squashfs/file.o
  CC      fs/squashfs/fragment.o
  CC      fs/ubifs/journal.o
  CC      lib/bitrev.o
  CC      drivers/cpuidle/dt_idle_states.o
  CC      fs/proc/util.o
  CC      kernel/cpu.o
  CC      lib/rational.o
  CC      drivers/cpuidle/cpuidle-arm.o
  AR      net/ipv6/built-in.a
  CC      net/key/af_key.o
  CC      fs/sysfs/group.o
  CC      lib/crc16.o
  CC      fs/proc/version.o
  CC      fs/proc/softirqs.o
  CC      net/mac80211/main.o
  CC      drivers/cpufreq/freq_table.o
  CC      net/mac80211/status.o
  AR      drivers/cpuidle/built-in.a
  CC      lib/genalloc.o
  CC      fs/squashfs/id.o
  CC      lib/percpu_counter.o
  CC      kernel/exit.o
  CC      fs/proc/namespaces.o
  AR      fs/sysfs/built-in.a
  CC      net/mac80211/driver-ops.o
  CC      fs/squashfs/inode.o
  CC      drivers/cpufreq/cpufreq_performance.o
  CC      drivers/cpufreq/cpufreq_userspace.o
  CC      lib/syscall.o
  CC      drivers/cpufreq/cpufreq_ondemand.o
  CC      fs/ubifs/file.o
  CC      fs/proc/self.o
  CC      kernel/softirq.o
  CC      drivers/cpufreq/cpufreq_governor.o
  CC      fs/squashfs/namei.o
  CC      lib/nlattr.o
  CC      fs/proc/thread_self.o
  CC      net/mac80211/sta_info.o
  CC      net/ipv4/tcp_input.o
  CC      drivers/cpufreq/cpufreq_governor_attr_set.o
  CC      net/mac80211/wep.o
  CC      drivers/cpufreq/cpufreq-dt.o
  CC      fs/proc/proc_sysctl.o
  CC      fs/squashfs/super.o
  CC      fs/proc/proc_net.o
  CC      kernel/resource.o
  CC      fs/proc/kmsg.o
  CC      kernel/sysctl.o
  CC      drivers/cpufreq/cpufreq-dt-platdev.o
  AR      net/key/built-in.a
  CC      fs/ubifs/dir.o
  CC      fs/ubifs/super.o
  CC      lib/cpu_rmap.o
  CC      fs/proc/page.o
  CC      fs/squashfs/symlink.o
  CC      fs/squashfs/decompressor.o
  CC      drivers/cpufreq/rockchip-cpufreq.o
  CC      lib/dynamic_queue_limits.o
  CC      net/mac80211/aead_api.o
  CC      fs/squashfs/file_cache.o
  CC      kernel/sysctl_binary.o
  CC      fs/squashfs/decompressor_multi.o
  CC      lib/strncpy_from_user.o
  AR      fs/proc/built-in.a
  CC      fs/read_write.o
  CC      fs/open.o
  AR      drivers/cpufreq/built-in.a
  CC      drivers/devfreq/event/rockchip-dfi.o
  CC      net/mac80211/wpa.o
  CC      fs/squashfs/lz4_wrapper.o
  CC      lib/strnlen_user.o
  CC      fs/ubifs/sb.o
  CC      fs/squashfs/xz_wrapper.o
  CC      kernel/capability.o
  CC      kernel/ptrace.o
  CC      fs/file_table.o
  AR      drivers/devfreq/event/built-in.a
  CC      lib/net_utils.o
  CC      drivers/devfreq/devfreq.o
  CC      drivers/devfreq/devfreq-event.o
  CC      fs/super.o
  CC      fs/squashfs/zlib_wrapper.o
  CC      lib/sg_pool.o
  CC      fs/char_dev.o
  CC      kernel/user.o
  CC      net/mac80211/scan.o
  CC      net/netlink/af_netlink.o
  CC      fs/ubifs/io.o
  AR      fs/squashfs/built-in.a
  CC      drivers/devfreq/governor_simpleondemand.o
  CC      net/netlink/genetlink.o
  CC      fs/stat.o
  CC      fs/exec.o
  CC      kernel/signal.o
  CC      lib/asn1_decoder.o
  CC      lib/oid_registry.o
  CC      drivers/devfreq/governor_userspace.o
  CC      lib/sbitmap.o
  CC      lib/argv_split.o
  CC      kernel/sys.o
  CC      net/mac80211/offchannel.o
  CC      drivers/devfreq/rockchip_dmc.o
  CC      kernel/umh.o
  CC      fs/pipe.o
  CC      fs/ubifs/tnc.o
  CC      net/ipv4/tcp_output.o
  CC      lib/bug.o
  CC      lib/chacha.o
  CC      net/mac80211/ht.o
  CC      fs/namei.o
  CC      lib/clz_tab.o
  CC      lib/cmdline.o
  CC      net/ipv4/tcp_timer.o
  CC      net/mac80211/agg-tx.o
  CC      lib/cpumask.o
  AR      net/netlink/built-in.a
  CC      net/packet/af_packet.o
  CC      drivers/devfreq/rockchip_dmc_dbg.o
  CC      net/mac80211/agg-rx.o
  CC      lib/ctype.o
  CC      kernel/workqueue.o
  CC      net/mac80211/vht.o
  CC      lib/dec_and_lock.o
  CC      kernel/pid.o
  CC      lib/decompress.o
  CC      net/mac80211/he.o
  AR      drivers/devfreq/built-in.a
  CC      lib/decompress_inflate.o
  AR      drivers/dma/mediatek/built-in.a
  AR      drivers/dma/qcom/built-in.a
  AR      drivers/dma/ti/built-in.a
  AR      drivers/dma/xilinx/built-in.a
  CC      drivers/dma/dmaengine.o
  CC      fs/ubifs/master.o
  CC      drivers/dma/of-dma.o
  CC      lib/dump_stack.o
  CC      net/mac80211/ibss.o
  CC      drivers/dma-buf/dma-buf.o
  AR      drivers/energy_model/built-in.a
  CC      net/ipv4/tcp_ipv4.o
  CC      drivers/extcon/extcon.o
  CC      fs/ubifs/scan.o
  AR      drivers/firewire/built-in.a
  CC      lib/earlycpio.o
  CC      net/ipv4/tcp_minisocks.o
  CC      net/ipv4/tcp_cong.o
  CC      lib/extable.o
  AR      drivers/firmware/broadcom/built-in.a
  CC      drivers/dma/pl330.o
  AR      drivers/firmware/meson/built-in.a
  AR      drivers/firmware/tegra/built-in.a
  CC      drivers/firmware/psci.o
  CC      lib/fdt.o
  CC      fs/ubifs/replay.o
  CC      lib/fdt_empty_tree.o
  CC      drivers/extcon/devres.o
  CC      drivers/dma-buf/dma-fence.o
  CC      drivers/dma-buf/dma-fence-array.o
  CC      lib/fdt_ro.o
  AR      net/packet/built-in.a
  CC      drivers/dma-buf/reservation.o
  CC      kernel/task_work.o
  AR      drivers/extcon/built-in.a
  CC      drivers/gpio/devres.o
  AR      drivers/gpu/arm/bifrost/built-in.a
  AR      drivers/gpu/arm/midgard/built-in.a
  AR      drivers/gpu/arm/built-in.a
  AR      drivers/gpu/drm/amd/lib/built-in.a
  CC      drivers/dma-buf/seqno-fence.o
  AR      drivers/gpu/drm/bridge/synopsys/built-in.a
  AR      drivers/gpu/drm/bridge/built-in.a
  AR      drivers/gpu/drm/hisilicon/built-in.a
  CC      net/mac80211/iface.o
  CC      net/mac80211/rate.o
  AR      drivers/gpu/drm/i2c/built-in.a
  CC      drivers/firmware/rockchip_sip.o
  AR      drivers/gpu/drm/omapdrm/displays/built-in.a
  AR      drivers/gpu/drm/omapdrm/dss/built-in.a
  CC      kernel/extable.o
  AR      drivers/gpu/drm/omapdrm/built-in.a
  CC      lib/fdt_rw.o
  CC      drivers/gpu/drm/panel/panel-simple.o
  CC      drivers/gpio/gpiolib.o
  CC      fs/ubifs/log.o
  CC      fs/ubifs/commit.o
  CC      lib/fdt_strerror.o
  CC      lib/fdt_sw.o
  CC      drivers/dma-buf/dma-buf-cache.o
  CC      net/ipv4/tcp_metrics.o
  CC      drivers/dma-buf/sync_file.o
  AR      drivers/dma/built-in.a
  CC      net/ipv4/tcp_fastopen.o
  CC      lib/fdt_wip.o
  AR      drivers/firmware/built-in.a
  CC      kernel/params.o
  CC      drivers/hid/usbhid/hid-core.o
  CC      lib/flex_proportions.o
  CC      lib/idr.o
  AR      drivers/dma-buf/built-in.a
  CC      kernel/kthread.o
  CC      drivers/hid/hid-core.o
  CC      fs/ubifs/gc.o
  AR      drivers/gpu/drm/panel/built-in.a
  CC      drivers/gpu/drm/rockchip/rockchip_drm_drv.o
  CC      drivers/gpu/drm/rockchip/rockchip_drm_fb.o
  CC      kernel/sys_ni.o
  CC      drivers/gpu/drm/rockchip/rockchip_drm_gem.o
  CC      lib/int_sqrt.o
  CC      kernel/nsproxy.o
  CC      lib/ioremap.o
  CC      fs/fcntl.o
  CC      net/ipv4/tcp_rate.o
  CC      net/mac80211/michael.o
  CC      kernel/notifier.o
  AR      drivers/hid/usbhid/built-in.a
  CC      fs/ubifs/orphan.o
  CC      drivers/hid/hid-input.o
  CC      drivers/gpu/drm/rockchip/rockchip_drm_vop.o
  CC      lib/irq_regs.o
  CC      drivers/gpio/gpiolib-legacy.o
  CC      lib/is_single_threaded.o
  CC      drivers/gpio/gpiolib-devprop.o
  CC      drivers/gpio/gpiolib-of.o
  CC      kernel/ksysfs.o
  CC      net/mac80211/tkip.o
  CC      drivers/gpio/gpiolib-sysfs.o
  CC      net/mac80211/aes_cmac.o
  CC      net/ipv4/tcp_recovery.o
  CC      net/mac80211/aes_gmac.o
  CC      lib/klist.o
  CC      lib/kobject.o
  CC      fs/ubifs/budget.o
  CC      net/mac80211/fils_aead.o
  CC      net/mac80211/cfg.o
  CC      kernel/cred.o
  CC      kernel/reboot.o
  AR      drivers/gpio/built-in.a
  CC      kernel/async.o
  CC      lib/kobject_uevent.o
  CC      net/mac80211/ethtool.o
  CC      kernel/range.o
  CC      net/ipv4/tcp_ulp.o
  CC      kernel/smpboot.o
  CC      fs/ubifs/find.o
  CC      kernel/ucount.o
  CC      kernel/kmod.o
  AR      drivers/hwtracing/intel_th/built-in.a
  CC      drivers/hid/hid-quirks.o
  AR      drivers/gpu/vga/built-in.a
  CC      drivers/hid/hid-debug.o
  CC      fs/ioctl.o
  CC      net/mac80211/rx.o
  CC      net/mac80211/spectmgmt.o
  CC      net/mac80211/tx.o
  CC      net/ipv4/tcp_offload.o
  CC      kernel/groups.o
  CC      lib/nmi_backtrace.o
  CC      fs/ubifs/tnc_commit.o
  CC      fs/ubifs/compress.o
  CC      net/mac80211/key.o
  AR      drivers/hid/built-in.a
  CC      fs/readdir.o
  CC      drivers/i2c/algos/i2c-algo-bit.o
  CC      lib/nodemask.o
  CC      kernel/freezer.o
  CC      drivers/i2c/busses/i2c-rk3x.o
  CC      net/mac80211/util.o
  CC      net/mac80211/wme.o
  CC      lib/plist.o
  AR      drivers/i2c/algos/built-in.a
  CC      net/ipv4/datagram.o
  CC      lib/radix-tree.o
  CC      net/mac80211/chan.o
  CC      fs/ubifs/lpt.o
  CC      fs/ubifs/lprops.o
  CC      kernel/profile.o
  AR      drivers/i2c/busses/built-in.a
  AR      drivers/i2c/muxes/built-in.a
  CC      drivers/i2c/i2c-boardinfo.o
  CC      kernel/futex.o
  CC      kernel/smp.o
  CC      lib/ratelimit.o
  CC      net/ipv4/raw.o
  CC      lib/rbtree.o
  CC      drivers/i2c/i2c-core-base.o
  CC      lib/seq_buf.o
  CC      net/ipv4/udp.o
  CC      kernel/uid16.o
  CC      fs/ubifs/recovery.o
  CC      net/mac80211/trace.o
  CC      kernel/module.o
  CC      lib/sha1.o
  CC      lib/show_mem.o
  CC      lib/siphash.o
  CC      fs/ubifs/ioctl.o
  CC      lib/string.o
  CC      kernel/kallsyms.o
  CC      drivers/i2c/i2c-core-smbus.o
  CC      drivers/i2c/i2c-core-of.o
  CC      fs/ubifs/lpt_commit.o
  AR      drivers/gpu/drm/tilcdc/built-in.a
  CC      drivers/gpu/drm/rockchip/rockchip_vop_reg.o
  CC      net/mac80211/mlme.o
  CC      drivers/gpu/drm/rockchip/dw-mipi-dsi.o
  CC      drivers/gpu/drm/rockchip/rockchip_rgb.o
  CC      drivers/i2c/i2c-dev.o
  CC      lib/timerqueue.o
  CC      fs/ubifs/tnc_misc.o
  CC      net/rfkill/core.o
  CC      net/rfkill/input.o
  CC      lib/vsprintf.o
  CC      kernel/stop_machine.o
  CC      net/rfkill/rfkill-wlan.o
  CC      drivers/i2c/i2c-mux.o
  CC      net/rfkill/rfkill-bt.o
  CC      kernel/utsname_sysctl.o
  CC      lib/win_minmax.o
  CC      fs/ubifs/debug.o
  CC      net/ipv4/udplite.o
  CC      net/ipv4/udp_offload.o
  CC      fs/ubifs/misc.o
  AR      drivers/i2c/built-in.a
  AR      drivers/idle/built-in.a
  CC      kernel/elfcore.o
  CC      drivers/gpu/drm/drm_crtc_helper.o
  AR      drivers/iio/accel/built-in.a
  CC      drivers/iio/adc/rockchip_saradc.o
  CC      drivers/gpu/drm/drm_probe_helper.o
  CC      drivers/gpu/drm/drm_plane_helper.o
  AR      net/rfkill/built-in.a
  CC      kernel/irq_work.o
  GEN     lib/crc32table.h
  CC      lib/crc32.o
  AR      drivers/gpu/drm/rockchip/built-in.a
  CC      drivers/gpu/drm/drm_atomic_helper.o
  AR      drivers/iio/adc/built-in.a
  AR      drivers/iio/afe/built-in.a
  AR      drivers/iio/amplifiers/built-in.a
  CC      drivers/input/keyboard/adc-keys.o
  CC      drivers/iio/buffer/kfifo_buf.o
  CC      drivers/input/keyboard/gpio_keys.o
  CC      kernel/cpu_pm.o
  CC      kernel/jump_label.o
  CC      kernel/iomem.o
  CC      net/ipv4/arp.o
  CC      kernel/rseq.o
  CC      drivers/iommu/iommu.o
  CC      drivers/irqchip/irqchip.o
  AR      lib/lib.a
  EXPORTS lib/lib-ksyms.o
  CC      drivers/iommu/iommu-traces.o
  AR      lib/built-in.a
  CC      drivers/iommu/iommu-sysfs.o
  AR      drivers/iio/buffer/built-in.a
  AR      drivers/iio/chemical/built-in.a
  AR      drivers/iio/common/cros_ec_sensors/built-in.a
  AR      drivers/iio/common/hid-sensors/built-in.a
  AR      drivers/iio/counter/built-in.a
  AR      drivers/iio/common/ms_sensors/built-in.a
  AR      drivers/iio/common/st_sensors/built-in.a
  AR      drivers/iio/common/ssp_sensors/built-in.a
  CC      drivers/irqchip/irq-gic.o
  CC      fs/select.o
  AR      drivers/iio/common/built-in.a
  CC      drivers/irqchip/irq-gic-common.o
  AR      drivers/iio/dac/built-in.a
  AR      drivers/iio/dummy/built-in.a
  AR      drivers/iio/frequency/built-in.a
  AR      drivers/input/keyboard/built-in.a
  CC      fs/ubifs/xattr.o
  AR      drivers/iio/gyro/built-in.a
  CC      drivers/input/misc/rk805-pwrkey.o
  CC      drivers/input/touchscreen/gt1x/gt1x_extents.o
  AR      drivers/iio/health/built-in.a
  AR      drivers/iio/humidity/built-in.a
  AR      drivers/iio/imu/bmi160/built-in.a
  AR      drivers/iio/imu/inv_icm40605/built-in.a
  AR      kernel/built-in.a
  AR      drivers/iio/imu/inv_icm42600/built-in.a
  CC      net/mac80211/tdls.o
  AR      drivers/iio/light/built-in.a
  AR      drivers/iio/imu/inv_mpu6050/built-in.a
  AR      drivers/iio/imu/st_lsm6dsx/built-in.a
  CC      net/mac80211/ocb.o
  CC      net/ipv4/icmp.o
  AR      drivers/iio/imu/built-in.a
  AR      drivers/iio/magnetometer/built-in.a
  AR      drivers/iio/multiplexer/built-in.a
  AR      drivers/iio/orientation/built-in.a
  CC      net/sched/sch_generic.o
  AR      drivers/iio/potentiometer/built-in.a
  AR      drivers/iio/potentiostat/built-in.a
  AR      drivers/iio/pressure/built-in.a
  AR      drivers/iio/proximity/built-in.a
  AR      drivers/input/misc/built-in.a
  CC      net/sched/sch_mq.o
  AR      drivers/iio/resolver/built-in.a
  AR      drivers/iio/temperature/built-in.a
  CC      drivers/input/touchscreen/gt1x/gt1x_generic.o
  AR      drivers/iio/trigger/built-in.a
  CC      drivers/iio/industrialio-core.o
  CC      drivers/iommu/of_iommu.o
  CC      drivers/iommu/rockchip-iommu.o
  AR      fs/ubifs/built-in.a
  AR      drivers/irqchip/built-in.a
  CC      drivers/input/input.o
  CC      drivers/input/input-compat.o
  CC      drivers/gpu/drm/drm_kms_helper_common.o
  CC      drivers/gpu/drm/drm_simple_kms_helper.o
  CC      fs/dcache.o
  CC      fs/inode.o
  CC      drivers/input/touchscreen/gt1x/gt1x_tools.o
  CC      drivers/input/touchscreen/of_touchscreen.o
  CC      drivers/input/input-mt.o
  CC      net/ipv4/devinet.o
  CC      drivers/iio/industrialio-event.o
  CC      drivers/iio/inkern.o
  CC      drivers/input/ff-core.o
  CC      net/mac80211/pm.o
  CC      drivers/gpu/drm/drm_modeset_helper.o
  CC      drivers/input/touchscreen/gt1x/gt1x.o
  AR      net/sched/built-in.a
  AR      drivers/iommu/built-in.a
  CC      net/unix/af_unix.o
  CC      drivers/leds/trigger/ledtrig-timer.o
  CC      net/unix/garbage.o
  CC      drivers/leds/led-core.o
  CC      drivers/input/input-polldev.o
  AR      drivers/leds/trigger/built-in.a
  CC      net/mac80211/rc80211_minstrel.o
  CC      net/mac80211/rc80211_minstrel_ht.o
  CC      drivers/iio/industrialio-buffer.o
  CC      drivers/input/touchscreen/gt1x/gt1x_update.o
  CC      drivers/leds/led-class.o
  CC      drivers/gpu/drm/drm_scdc_helper.o
  CC      drivers/leds/led-triggers.o
  CC      drivers/input/input-leds.o
  CC      drivers/iio/industrialio-trigger.o
  CC      net/unix/sysctl_net_unix.o
  CC      fs/attr.o
  CC      drivers/leds/leds-gpio.o
  GEN     net/wireless/shipped-certs.c
  CC      net/wireless/core.o
  CC      drivers/gpu/drm/drm_gem_framebuffer_helper.o
  CC      drivers/input/evdev.o
  CC      net/ipv4/af_inet.o
  CC      net/ipv4/igmp.o
  AR      drivers/input/touchscreen/gt1x/built-in.a
  AR      drivers/input/touchscreen/built-in.a
  CC      net/wireless/sysfs.o
  AR      drivers/iio/built-in.a
  CC      fs/bad_inode.o
  AR      drivers/macintosh/built-in.a
  CC      fs/file.o
  CC      fs/filesystems.o
  AR      drivers/leds/built-in.a
  CC      drivers/gpu/drm/bridge/panel.o
  CC      drivers/gpu/drm/drm_auth.o
  AR      net/unix/built-in.a
  AR      net/mac80211/built-in.a
  CC      net/socket.o
  CC      net/xfrm/xfrm_policy.o
  CC      net/sysctl_net.o
  CC      drivers/gpu/drm/drm_bufs.o
  CC      fs/namespace.o
  AR      drivers/input/built-in.a
  CC      drivers/gpu/drm/drm_cache.o
  CC      net/wireless/radiotap.o
  CC      net/wireless/util.o
  CC      fs/seq_file.o
  CC      drivers/gpu/drm/drm_context.o
  CC      net/wireless/reg.o
  CC      drivers/gpu/drm/drm_dma.o
  CC      fs/xattr.o
  CC      fs/libfs.o
  CC      net/wireless/scan.o
  CC      net/ipv4/fib_frontend.o
  CC      drivers/gpu/drm/drm_file.o
  CC      fs/fs-writeback.o
  CC      net/ipv4/fib_semantics.o
  CC      net/ipv4/fib_trie.o
  CC      fs/pnode.o
  CC      net/xfrm/xfrm_state.o
  CC      drivers/mailbox/mailbox.o
  CC      drivers/gpu/drm/drm_gem.o
  AR      drivers/media/common/b2c2/built-in.a
  AR      drivers/media/common/saa7146/built-in.a
  AR      drivers/media/firewire/built-in.a
  AR      drivers/media/common/siano/built-in.a
  AR      drivers/media/common/v4l2-tpg/built-in.a
  CC      net/wireless/nl80211.o
  CC      drivers/media/common/videobuf2/videobuf2-core.o
  CC      net/wireless/mlme.o
  CC      drivers/media/common/videobuf2/videobuf2-v4l2.o
  CC      fs/splice.o
  CC      fs/sync.o
  CC      drivers/mailbox/rockchip-mailbox.o
  CC      net/wireless/ibss.o
  CC      net/wireless/sme.o
  CC      net/ipv4/fib_notifier.o
  CC      drivers/gpu/drm/drm_ioctl.o
  AR      drivers/mailbox/built-in.a
  CC      drivers/gpu/drm/drm_irq.o
  CC      drivers/gpu/drm/drm_lock.o
  CC      drivers/gpu/drm/drm_memory.o
  CC      drivers/gpu/drm/drm_drv.o
  CC      net/wireless/chan.o
  CC      drivers/media/common/videobuf2/videobuf2-memops.o
  CC      fs/utimes.o
  CC      net/ipv4/inet_fragment.o
  CC      fs/d_path.o
  CC      fs/stack.o
  CC      drivers/media/common/videobuf2/videobuf2-vmalloc.o
  CC      net/xfrm/xfrm_hash.o
  CC      drivers/mfd/mfd-core.o
  CC      drivers/mfd/rk808.o
  AR      drivers/misc/cb710/built-in.a
  AR      drivers/misc/eeprom/built-in.a
  CC      drivers/media/common/videobuf2/videobuf2-dma-sg.o
  CC      drivers/media/common/videobuf2/videobuf2-dma-contig.o
  AR      drivers/misc/lis3lv02d/built-in.a
  AR      drivers/misc/mic/bus/built-in.a
  AR      drivers/misc/mic/built-in.a
  AR      drivers/misc/ti-st/built-in.a
  CC      drivers/gpu/drm/drm_scatter.o
  AR      drivers/misc/built-in.a
  CC      drivers/gpu/drm/drm_pci.o
  CC      net/xfrm/xfrm_input.o
  CC      drivers/gpu/drm/drm_sysfs.o
  CC      drivers/gpu/drm/drm_hashtab.o
  CC      net/xfrm/xfrm_output.o
  CC      fs/fs_struct.o
  CC      net/wireless/ethtool.o
  CC      drivers/mfd/syscon.o
  CC      net/xfrm/xfrm_sysctl.o
  CC      net/ipv4/ping.o
  AR      drivers/media/common/videobuf2/built-in.a
  CC      net/ipv4/ip_tunnel_core.o
  AR      drivers/media/common/built-in.a
  AR      drivers/media/i2c/soc_camera/built-in.a
  CC      drivers/media/i2c/rk_ircut.o
  CC      drivers/gpu/drm/drm_mm.o
  CC      fs/statfs.o
  CC      drivers/mmc/core/core.o
  CC      drivers/mmc/host/dw_mmc.o
  AR      drivers/mfd/built-in.a
  CC      drivers/mmc/host/dw_mmc-pltfm.o
  AR      drivers/media/mmc/siano/built-in.a
  AR      drivers/media/mmc/built-in.a
  AR      drivers/media/pci/b2c2/built-in.a
  AR      drivers/media/pci/ddbridge/built-in.a
  CC      net/wireless/mesh.o
  AR      drivers/media/pci/dm1105/built-in.a
  CC      drivers/media/i2c/os04a10.o
  AR      drivers/media/pci/intel/ipu3/built-in.a
  AR      drivers/media/pci/intel/built-in.a
  AR      drivers/media/pci/mantis/built-in.a
  CC      drivers/media/i2c/ov4689.o
  AR      drivers/media/pci/netup_unidvb/built-in.a
  AR      drivers/media/pci/ngene/built-in.a
  AR      drivers/media/pci/pluto2/built-in.a
  AR      drivers/media/pci/pt1/built-in.a
  CC      fs/fs_pin.o
  CC      net/xfrm/xfrm_replay.o
  AR      drivers/media/pci/pt3/built-in.a
  AR      drivers/media/pci/saa7146/built-in.a
  AR      drivers/media/pci/smipcie/built-in.a
  AR      drivers/media/pci/ttpci/built-in.a
  CC      drivers/mmc/host/dw_mmc-rockchip.o
  AR      drivers/media/pci/built-in.a
  CC      drivers/gpu/drm/drm_crtc.o
  CC      net/ipv4/gre_offload.o
  CC      drivers/gpu/drm/drm_fourcc.o
  CC      fs/nsfs.o
  CC      fs/buffer.o
  CC      drivers/mmc/core/bus.o
  CC      drivers/media/i2c/imx335.o
  CC      drivers/mmc/host/rk_sdmmc_ops.o
  CC      net/xfrm/xfrm_device.o
  CC      drivers/media/i2c/imx347.o
  CC      drivers/media/i2c/imx378.o
  CC      drivers/media/i2c/imx415.o
  CC      drivers/gpu/drm/drm_modes.o
  CC      drivers/media/i2c/arducam-pivariety.o
  CC      net/ipv4/metrics.o
  CC      drivers/mmc/core/host.o
  CC      drivers/mmc/core/mmc.o
  AR      drivers/mmc/host/built-in.a
  CC      drivers/gpu/drm/drm_info.o
  CC      net/xfrm/xfrm_algo.o
  CC      net/wireless/ap.o
  CC      drivers/mtd/chips/chipreg.o
  AR      drivers/mtd/devices/built-in.a
  CC      net/ipv4/netlink.o
  CC      net/wireless/trace.o
  CC      net/ipv4/sysctl_net_ipv4.o
  CC      drivers/media/i2c/gc4c33.o
  CC      net/ipv4/proc.o
  CC      drivers/gpu/drm/drm_encoder_slave.o
  AR      drivers/mtd/chips/built-in.a
  CC      drivers/gpu/drm/drm_trace_points.o
  AR      drivers/mtd/lpddr/built-in.a
  AR      drivers/mtd/maps/built-in.a
  AR      drivers/mtd/nand/onenand/built-in.a
  AR      drivers/mtd/nand/raw/built-in.a
  CC      net/wireless/ocb.o
  AR      drivers/mtd/nand/spi/built-in.a
  CC      drivers/mmc/core/mmc_ops.o
  AR      drivers/mtd/nand/built-in.a
  AR      drivers/mtd/parsers/built-in.a
  AR      drivers/mtd/tests/built-in.a
  AR      net/xfrm/built-in.a
  CC      drivers/mtd/ubi/vtbl.o
  CC      drivers/mtd/mtdcore.o
  CC      net/wireless/of.o
  CC      drivers/mmc/core/sd.o
  CC      fs/block_dev.o
  CC      drivers/mmc/core/sd_ops.o
  CC      drivers/gpu/drm/drm_global.o
  CC      net/ipv4/syncookies.o
  CC      net/ipv4/tcp_cubic.o
  AR      drivers/media/i2c/built-in.a
  AR      drivers/media/platform/cros-ec-cec/built-in.a
  AR      drivers/media/platform/davinci/built-in.a
  AR      drivers/media/platform/meson/built-in.a
  CC      drivers/gpu/drm/drm_prime.o
  AR      drivers/media/platform/omap/built-in.a
  CC      drivers/media/platform/rockchip/cif/dev.o
  CC      drivers/media/platform/rockchip/cif/capture.o
  CC      drivers/media/platform/rockchip/cif/mipi-csi2.o
  AR      drivers/media/radio/built-in.a
  CC      net/ipv4/xfrm4_policy.o
  CC      net/wireless/wext-compat.o
  CC      drivers/mtd/ubi/vmt.o
  CC      drivers/mmc/core/sdio.o
  CC      drivers/mtd/ubi/upd.o
  CC      drivers/gpu/drm/drm_rect.o
  CC      drivers/mtd/ubi/build.o
  CC      net/ipv4/xfrm4_state.o
  CC      fs/direct-io.o
  CC      net/ipv4/xfrm4_input.o
  CC      drivers/mmc/core/sdio_ops.o
  CC      net/wireless/wext-sme.o
  CC      fs/mpage.o
  CC      drivers/media/platform/rockchip/cif/cif-luma.o
  CC      drivers/mtd/ubi/cdev.o
  CC      drivers/mtd/ubi/kapi.o
  CC      net/wireless/shipped-certs.o
  CC      drivers/mmc/core/sdio_bus.o
  CC      drivers/gpu/drm/drm_vma_manager.o
  CC      net/ipv4/xfrm4_output.o
  CC      drivers/mtd/ubi/eba.o
  CC      net/ipv4/xfrm4_protocol.o
  CC      net/wireless/wext-core.o
  CC      drivers/media/platform/rockchip/cif/hw.o
  CC      drivers/mmc/core/sdio_cis.o
  CC      net/wireless/wext-proc.o
  AR      drivers/media/rc/keymaps/built-in.a
  AR      drivers/media/rc/built-in.a
  CC      fs/proc_namespace.o
  CC      drivers/media/platform/rockchip/isp/rkisp.o
  CC      drivers/media/platform/rockchip/ispp/dev.o
  CC      drivers/gpu/drm/drm_flip_work.o
  CC      drivers/mmc/core/sdio_io.o
  CC      drivers/gpu/drm/drm_modeset_lock.o
  CC      drivers/gpu/drm/drm_atomic.o
  CC      drivers/media/platform/rockchip/ispp/common.o
  AR      net/ipv4/built-in.a
  CC      drivers/media/platform/rockchip/ispp/ispp.o
  CC      drivers/media/platform/rockchip/ispp/stream.o
  AR      net/wireless/built-in.a
  CC      fs/eventpoll.o
  AR      net/built-in.a
  CC      drivers/mtd/ubi/io.o
  CC      drivers/mtd/ubi/wl.o
  CC      drivers/gpu/drm/drm_bridge.o
  CC      drivers/media/platform/rockchip/cif/subdev-itf.o
  AR      drivers/media/spi/built-in.a
  CC      fs/anon_inodes.o
  CC      drivers/mmc/core/sdio_irq.o
  CC      drivers/gpu/drm/drm_framebuffer.o
  CC      drivers/media/platform/rockchip/ispp/params.o
  CC      drivers/media/platform/rockchip/ispp/stats.o
  CC      fs/signalfd.o
  CC      drivers/mmc/core/slot-gpio.o
  CC      drivers/mtd/ubi/attach.o
  CC      drivers/media/platform/rockchip/cif/procfs.o
  CC      drivers/media/platform/rockchip/isp/hw.o
  CC      drivers/gpu/drm/drm_connector.o
  CC      drivers/gpu/drm/drm_blend.o
  CC      drivers/mmc/core/pwrseq.o
  CC      fs/timerfd.o
  CC      drivers/media/platform/rockchip/ispp/hw.o
  CC      drivers/gpu/drm/drm_encoder.o
  CC      fs/eventfd.o
  CC      fs/aio.o
  AR      drivers/media/platform/rockchip/cif/built-in.a
  AR      drivers/media/platform/stm32/built-in.a
  CC      drivers/gpu/drm/drm_mode_object.o
  CC      drivers/media/platform/rockchip/ispp/procfs.o
  CC      drivers/mmc/core/debugfs.o
  CC      drivers/media/platform/rockchip/isp/dev.o
  CC      drivers/mtd/ubi/misc.o
  CC      drivers/mmc/core/pwrseq_simple.o
  CC      drivers/gpu/drm/drm_property.o
  CC      fs/locks.o
  CC      fs/binfmt_script.o
  CC      drivers/media/platform/rockchip/isp/regs.o
  CC      drivers/media/platform/rockchip/isp/common.o
  AR      drivers/media/tuners/built-in.a
  AR      drivers/media/usb/b2c2/built-in.a
  CC      drivers/gpu/drm/drm_plane.o
  AR      drivers/media/platform/rockchip/ispp/built-in.a
  AR      drivers/media/usb/dvb-usb/built-in.a
  AR      drivers/media/usb/dvb-usb-v2/built-in.a
  AR      drivers/media/usb/s2255/built-in.a
  AR      drivers/media/usb/siano/built-in.a
  CC      drivers/media/v4l2-core/v4l2-fwnode.o
  AR      drivers/media/usb/stkwebcam/built-in.a
  CC      drivers/mmc/core/pwrseq_emmc.o
  CC      drivers/mtd/ubi/debug.o
  AR      drivers/media/usb/ttusb-budget/built-in.a
  AR      drivers/media/usb/ttusb-dec/built-in.a
  AR      drivers/media/usb/zr364xx/built-in.a
  AR      drivers/media/usb/built-in.a
  AR      drivers/net/dsa/b53/built-in.a
  AR      drivers/net/dsa/microchip/built-in.a
  CC      drivers/net/ethernet/stmicro/stmmac/stmmac_main.o
  AR      drivers/net/dsa/mv88e6xxx/built-in.a
  AR      drivers/net/dsa/built-in.a
  CC      drivers/net/phy/mdio-boardinfo.o
  CC      drivers/gpu/drm/drm_color_mgmt.o
  CC      drivers/mmc/core/block.o
  CC      drivers/net/phy/phy.o
  CC      drivers/net/phy/phy-c45.o
  CC      drivers/media/platform/rockchip/isp/isp_stats.o
  CC      drivers/net/phy/phy-core.o
  CC      drivers/mtd/ubi/block.o
  CC      drivers/media/v4l2-core/v4l2-dev.o
  CC      drivers/net/phy/phy_device.o
  CC      drivers/mtd/mtdsuper.o
  CC      drivers/media/v4l2-core/v4l2-ioctl.o
  CC      drivers/gpu/drm/drm_print.o
  CC      drivers/media/platform/rockchip/isp/isp_stats_v1x.o
  CC      drivers/mtd/mtdconcat.o
  AR      drivers/nfc/built-in.a
  CC      fs/binfmt_elf.o
  CC      fs/mbcache.o
  CC      drivers/net/phy/mdio_bus.o
  AR      drivers/mtd/ubi/built-in.a
  CC      drivers/mtd/mtdpart.o
  CC      drivers/mtd/mtdchar.o
  CC      drivers/media/v4l2-core/v4l2-device.o
  CC      drivers/gpu/drm/drm_dumb_buffers.o
  CC      drivers/media/platform/rockchip/isp/isp_stats_v2x.o
  CC      drivers/mmc/core/queue.o
  CC      drivers/media/platform/rockchip/isp/isp_stats_v21.o
  CC      drivers/media/platform/rockchip/isp/isp_params.o
  CC      drivers/media/platform/rockchip/isp/isp_params_v1x.o
  CC      drivers/media/v4l2-core/v4l2-fh.o
  CC      drivers/net/phy/mdio_device.o
  AR      drivers/nvme/host/built-in.a
  AR      drivers/nvme/target/built-in.a
  AR      drivers/nvme/built-in.a
  CC      drivers/media/platform/rockchip/isp/isp_params_v2x.o
  CC      drivers/gpu/drm/drm_mode_config.o
  CC      fs/coredump.o
  CC      drivers/mtd/cmdlinepart.o
  AR      drivers/mmc/core/built-in.a
  CC      drivers/media/v4l2-core/v4l2-event.o
  AR      drivers/mmc/built-in.a
  CC      drivers/nvmem/core.o
  CC      drivers/media/v4l2-core/v4l2-ctrls.o
  CC      drivers/net/ethernet/stmicro/stmmac/stmmac_ethtool.o
  CC      drivers/media/v4l2-core/v4l2-subdev.o
  CC      drivers/media/v4l2-core/v4l2-clk.o
  CC      drivers/media/v4l2-core/v4l2-async.o
  CC      drivers/net/phy/swphy.o
  AR      drivers/mtd/built-in.a
  CC      drivers/of/base.o
  CC      drivers/gpu/drm/drm_vblank.o
  CC      drivers/media/v4l2-core/v4l2-mc.o
  CC      fs/drop_caches.o
  CC      drivers/media/v4l2-core/v4l2-common.o
  CC      drivers/nvmem/rockchip-otp.o
  CC      drivers/net/phy/fixed_phy.o
  CC      drivers/media/v4l2-core/v4l2-dv-timings.o
  CC      fs/fhandle.o
  CC      drivers/net/ethernet/stmicro/stmmac/stmmac_mdio.o
  CC      drivers/net/ethernet/stmicro/stmmac/ring_mode.o
  CC      drivers/net/ethernet/stmicro/stmmac/chain_mode.o
  AR      drivers/nvmem/built-in.a
  CC      drivers/net/ethernet/stmicro/stmmac/dwmac_lib.o
  CC      drivers/gpu/drm/drm_syncobj.o
  CC      drivers/media/media-device.o
  CC      drivers/of/device.o
  AR      drivers/net/phy/built-in.a
  AR      drivers/net/usb/built-in.a
  CC      drivers/of/platform.o
  CC      fs/iomap.o
  CC      drivers/net/ethernet/stmicro/stmmac/dwmac1000_core.o
  CC      drivers/gpu/drm/drm_lease.o
  CC      drivers/gpu/drm/drm_writeback.o
  CC      drivers/net/wireless/realtek/rtl88x2bu/core/rtw_cmd.o
  AR      drivers/media/v4l2-core/built-in.a
  CC      drivers/gpu/drm/drm_client.o
  CC      drivers/gpu/drm/drm_gem_cma_helper.o
  CC      drivers/net/ethernet/stmicro/stmmac/dwmac1000_dma.o
  CC      drivers/media/platform/rockchip/isp/isp_params_v21.o
  CC      drivers/media/media-devnode.o
  CC      drivers/of/property.o
  CC      drivers/of/kobj.o
  CC      drivers/net/mii.o
  CC      drivers/net/Space.o
  CC      drivers/net/loopback.o
  CC      drivers/media/media-entity.o
  CC      drivers/of/fdt.o
  CC      drivers/net/ethernet/stmicro/stmmac/dwmac100_core.o
  CC      drivers/net/wireless/realtek/rtl88x2bu/core/rtw_security.o
  CC      drivers/net/ethernet/stmicro/stmmac/dwmac100_dma.o
  CC      drivers/gpu/drm/drm_panel.o
  CC      drivers/of/fdt_address.o
  CC      drivers/of/address.o
  CC      drivers/opp/core.o
  AR      drivers/pci/controller/dwc/built-in.a
  AR      drivers/pci/controller/built-in.a
  AR      drivers/pci/switch/built-in.a
  AR      drivers/pci/built-in.a
  CC      fs/dcookies.o
  CC      drivers/gpu/drm/drm_of.o
  CC      drivers/gpu/drm/drm_debugfs.o
  CC      drivers/perf/arm_pmu.o
  CC      drivers/gpu/drm/drm_debugfs_crc.o
  CC      drivers/perf/arm_pmu_platform.o
  AR      drivers/phy/broadcom/built-in.a
  AR      drivers/phy/hisilicon/built-in.a
  CC      drivers/net/ethernet/stmicro/stmmac/enh_desc.o
  AR      drivers/phy/marvell/built-in.a
  AR      drivers/phy/motorola/built-in.a
  AR      drivers/phy/qualcomm/built-in.a
  AR      drivers/phy/ralink/built-in.a
  CC      drivers/phy/rockchip/phy-rockchip-inno-mipi-dphy.o
  CC      drivers/of/irq.o
  AR      fs/built-in.a
  CC      drivers/phy/rockchip/phy-rockchip-mipi-rx.o
  CC      drivers/phy/rockchip/phy-rockchip-naneng-usb2.o
  CC      drivers/opp/cpu.o
  AR      drivers/phy/samsung/built-in.a
  CC      drivers/of/of_net.o
  CC      drivers/of/of_mdio.o
  CC      drivers/gpu/drm/drm_mipi_dsi.o
  CC      drivers/media/platform/rockchip/isp/capture.o
  CC      drivers/of/of_reserved_mem.o
  AR      drivers/perf/built-in.a
  CC      drivers/media/platform/rockchip/isp/capture_v1x.o
  CC      drivers/net/ethernet/stmicro/stmmac/norm_desc.o
  CC      drivers/net/ethernet/stmicro/stmmac/mmc_core.o
  CC      drivers/opp/of.o
  CC      drivers/net/wireless/realtek/rtl88x2bu/core/rtw_debug.o
  CC      drivers/net/wireless/realtek/rtl88x2bu/core/rtw_io.o
  CC      drivers/net/ethernet/stmicro/stmmac/stmmac_hwtstamp.o
  CC      drivers/opp/debugfs.o
  CC      drivers/gpu/drm/drm_panel_orientation_quirks.o
  CC      drivers/net/ethernet/stmicro/stmmac/stmmac_ptp.o
  AR      drivers/pinctrl/actions/built-in.a
  AR      drivers/of/built-in.a
  AR      drivers/pinctrl/bcm/built-in.a
  AR      drivers/platform/built-in.a
  AR      drivers/pinctrl/cirrus/built-in.a
  CC      drivers/power/avs/rockchip-io-domain.o
  AR      drivers/pinctrl/freescale/built-in.a
  CC      drivers/power/reset/reboot-mode.o
  AR      drivers/pinctrl/mediatek/built-in.a
  AR      drivers/gpu/drm/built-in.a
  AR      drivers/pinctrl/mvebu/built-in.a
  AR      drivers/phy/rockchip/built-in.a
  AR      drivers/gpu/built-in.a
  AR      drivers/pinctrl/nomadik/built-in.a
  AR      drivers/phy/st/built-in.a
  CC      drivers/power/supply/power_supply_core.o
  AR      drivers/phy/ti/built-in.a
  CC      drivers/phy/phy-core.o
  AR      drivers/pinctrl/sprd/built-in.a
  CC      drivers/power/supply/power_supply_sysfs.o
  AR      drivers/pinctrl/ti/built-in.a
  CC      drivers/pinctrl/core.o
  CC      drivers/power/supply/power_supply_leds.o
  AR      drivers/opp/built-in.a
  CC      drivers/media/platform/rockchip/isp/capture_v20.o
  CC      drivers/media/platform/rockchip/isp/capture_v21.o
  CC      drivers/power/reset/syscon-reboot-mode.o
  CC      drivers/pinctrl/pinctrl-utils.o
  CC      drivers/pinctrl/pinmux.o
  AR      drivers/pps/clients/built-in.a
  AR      drivers/pps/generators/built-in.a
  CC      drivers/pps/pps.o
  AR      drivers/power/avs/built-in.a
  CC      drivers/net/ethernet/stmicro/stmmac/dwmac4_descs.o
  CC      drivers/net/ethernet/stmicro/stmmac/dwmac4_dma.o
  AR      drivers/phy/built-in.a
  CC      drivers/ptp/ptp_clock.o
  AR      drivers/power/supply/built-in.a
  CC      drivers/pps/kapi.o
  AR      drivers/power/reset/built-in.a
  AR      drivers/power/built-in.a
  CC      drivers/ptp/ptp_chardev.o
  CC      drivers/ptp/ptp_sysfs.o
  CC      drivers/net/ethernet/stmicro/stmmac/dwmac4_lib.o
  CC      drivers/pinctrl/pinconf.o
  CC      drivers/pps/sysfs.o
  CC      drivers/pinctrl/devicetree.o
  CC      drivers/pinctrl/pinconf-generic.o
  CC      drivers/pwm/core.o
  CC      drivers/pwm/sysfs.o
  AR      drivers/ptp/built-in.a
  CC      drivers/pwm/pwm-rockchip.o
  CC      drivers/net/ethernet/stmicro/stmmac/dwmac4_core.o
  CC      drivers/regulator/core.o
  AR      drivers/pps/built-in.a
  CC      drivers/regulator/dummy.o
  CC      drivers/net/ethernet/stmicro/stmmac/dwmac5.o
  CC      drivers/pinctrl/pinctrl-rockchip.o
  CC      drivers/pinctrl/pinctrl-rk805.o
  CC      drivers/regulator/fixed-helper.o
  AR      drivers/reset/hisilicon/built-in.a
  CC      drivers/reset/core.o
  CC      drivers/rkflash/rkflash_blk.o
  CC      drivers/media/platform/rockchip/isp/dmarx.o
  CC      drivers/media/platform/rockchip/isp/csi.o
  CC      drivers/media/platform/rockchip/isp/bridge.o
  AR      drivers/pwm/built-in.a
  CC      drivers/rtc/rtc-lib.o
  CC      drivers/regulator/helpers.o
  AR      drivers/reset/built-in.a
  CC      drivers/rtc/hctosys.o
  CC      drivers/rtc/systohc.o
  CC      drivers/rtc/class.o
  CC      drivers/net/ethernet/stmicro/stmmac/hwif.o
  CC      drivers/net/ethernet/stmicro/stmmac/stmmac_tc.o
  CC      drivers/media/platform/rockchip/isp/isp_mipi_luma.o
  CC      drivers/rkflash/rkflash_debug.o
  CC      drivers/regulator/devres.o
  CC      drivers/rtc/interface.o
  CC      drivers/media/platform/rockchip/isp/procfs.o
  CC      drivers/media/platform/rockchip/isp/videobuf2-rdma-sg.o
  AS      drivers/rkflash/rk_sftl_arm_v7.o
  CC      drivers/rtc/nvmem.o
  AR      drivers/pinctrl/built-in.a
  CC      drivers/rkflash/rksfc_base.o
  GEN     drivers/scsi/scsi_devinfo_tbl.c
  AR      drivers/scsi/arm/built-in.a
  CC      drivers/scsi/scsi.o
  CC      drivers/regulator/of_regulator.o
  AR      drivers/soc/amlogic/built-in.a
  AR      drivers/soc/bcm/built-in.a
  CC      drivers/net/wireless/realtek/rtl88x2bu/core/rtw_ioctl_query.o
  AR      drivers/soc/fsl/built-in.a
  AR      drivers/soc/mediatek/built-in.a
  AR      drivers/soc/qcom/built-in.a
  AR      drivers/soc/renesas/built-in.a
  CC      drivers/net/ethernet/stmicro/stmmac/dwxgmac2_core.o
  CC      drivers/regulator/fixed.o
  CC      drivers/soc/rockchip/rockchip-cpuinfo.o
  CC      drivers/soc/rockchip/grf.o
  CC      drivers/rtc/rtc-dev.o
  CC      drivers/rtc/rtc-proc.o
  AR      drivers/media/platform/rockchip/isp/built-in.a
  AR      drivers/media/platform/built-in.a
  AR      drivers/media/built-in.a
  AR      drivers/soc/xilinx/built-in.a
  CC      drivers/net/ethernet/stmicro/stmmac/dwxgmac2_dma.o
  CC      drivers/net/ethernet/stmicro/stmmac/dwxgmac2_descs.o
  CC      drivers/rkflash/sfc_nand_boot.o
  CC      drivers/net/ethernet/stmicro/stmmac/stmmac_platform.o
  CC      drivers/net/wireless/realtek/rtl88x2bu/core/rtw_ioctl_set.o
  CC      drivers/soc/rockchip/pm_domains.o
  CC      drivers/rkflash/sfc_nand.o
  CC      drivers/scsi/hosts.o
  CC      drivers/regulator/gpio-regulator.o
  CC      drivers/regulator/rk808-regulator.o
  CC      drivers/regulator/pwm-regulator.o
  CC      drivers/rtc/rtc-sysfs.o
  CC      drivers/net/ethernet/stmicro/stmmac/dwmac-rk.o
  CC      drivers/net/wireless/realtek/rtl88x2bu/core/rtw_ieee80211.o
  CC      drivers/rkflash/sfc.o
  CC      drivers/rkflash/sfc_nand_mtd.o
  CC      drivers/rkflash/sfc_nand_mtd_bbt.o
  CC      drivers/soc/rockchip/rk_vendor_storage.o
  CC      drivers/soc/rockchip/rk_fiq_debugger.o
  CC      drivers/net/ethernet/stmicro/stmmac/dwmac-rk-tool.o
  CC      drivers/scsi/scsi_ioctl.o
  CC      drivers/rtc/rtc-rk808.o
  CC      drivers/soc/rockchip/sdmmc_vendor_storage.o
  CC      drivers/spi/spi.o
  AR      drivers/regulator/built-in.a
  CC      drivers/rkflash/sfc_nor_boot.o
  CC      drivers/staging/android/fiq_debugger/fiq_debugger.o
  CC      drivers/tee/optee/core.o
  CC      drivers/tee/tee_core.o
  CC      drivers/net/wireless/realtek/rtl88x2bu/core/rtw_mlme.o
  CC      drivers/scsi/scsicam.o
  AR      drivers/rtc/built-in.a
  CC      drivers/scsi/scsi_error.o
  CC      drivers/staging/android/fiq_debugger/fiq_debugger_arm.o
  CC      drivers/soc/rockchip/flash_vendor_storage.o
  CC      drivers/rkflash/sfc_nor.o
  CC      drivers/soc/rockchip/mtd_vendor_storage.o
  CC      drivers/tee/optee/call.o
  CC      drivers/rkflash/sfc_nor_mtd.o
  CC      drivers/soc/rockchip/rockchip_ipa.o
  CC      drivers/net/wireless/realtek/rtl88x2bu/core/rtw_mlme_ext.o
  CC      drivers/net/wireless/realtek/rtl88x2bu/core/rtw_mi.o
  CC      drivers/net/wireless/realtek/rtl88x2bu/core/rtw_wlan_util.o
  AR      drivers/staging/android/fiq_debugger/built-in.a
  AR      drivers/staging/android/ion/built-in.a
  AR      drivers/staging/android/built-in.a
  CC      drivers/soc/rockchip/rockchip_opp_select.o
  AR      drivers/net/ethernet/stmicro/stmmac/built-in.a
  AR      drivers/staging/iio/accel/built-in.a
  AR      drivers/net/ethernet/stmicro/built-in.a
  AR      drivers/staging/iio/adc/built-in.a
  AR      drivers/net/ethernet/built-in.a
  AR      drivers/staging/iio/addac/built-in.a
  AR      drivers/staging/iio/cdc/built-in.a
  AR      drivers/staging/iio/frequency/built-in.a
  CC      drivers/scsi/scsi_lib.o
  AR      drivers/staging/iio/impedance-analyzer/built-in.a
  AR      drivers/staging/iio/meter/built-in.a
  CC      drivers/soc/rockchip/rockchip_pvtm.o
  AR      drivers/rkflash/built-in.a
  AR      drivers/staging/iio/resolver/built-in.a
  AR      drivers/staging/iio/built-in.a
  AR      drivers/thermal/broadcom/built-in.a
  AR      drivers/staging/media/built-in.a
  AR      drivers/staging/built-in.a
  AR      drivers/thermal/samsung/built-in.a
  AR      drivers/thermal/tegra/built-in.a
  AR      drivers/tty/ipwireless/built-in.a
  CC      drivers/thermal/thermal_core.o
  CC      drivers/tty/serial/8250/8250_core.o
  CC      drivers/tee/optee/rpc.o
  CC      drivers/thermal/thermal_sysfs.o
  CC      drivers/spi/spidev.o
  CC      drivers/thermal/thermal_helpers.o
  CC      drivers/tee/optee/supp.o
  CC      drivers/soc/rockchip/rockchip_pm_config.o
  CC      drivers/thermal/of-thermal.o
  CC      drivers/tty/serial/8250/8250_port.o
  CC      drivers/tty/serial/serial_core.o
  CC      drivers/tee/optee/shm_pool.o
  CC      drivers/scsi/scsi_lib_dma.o
  CC      drivers/soc/rockchip/rockchip_system_monitor.o
  CC      drivers/spi/spi-rockchip.o
  CC      drivers/soc/rockchip/rockchip_debug.o
  CC      drivers/net/wireless/realtek/rtl88x2bu/core/rtw_vht.o
  CC      drivers/thermal/user_space.o
  AR      drivers/tee/optee/built-in.a
  CC      drivers/tee/tee_shm.o
  CC      drivers/tee/tee_shm_pool.o
  CC      drivers/scsi/scsi_scan.o
  CC      drivers/usb/common/common.o
  CC      drivers/thermal/power_allocator.o
  CC      drivers/usb/core/usb.o
  AR      drivers/spi/built-in.a
  AR      drivers/tee/built-in.a
  CC      drivers/video/backlight/backlight.o
  CC      drivers/net/wireless/realtek/rtl88x2bu/core/rtw_pwrctrl.o
  CC      drivers/net/wireless/realtek/rtl88x2bu/core/rtw_rf.o
  AR      drivers/usb/common/built-in.a
  CC      drivers/net/wireless/realtek/rtl88x2bu/core/rtw_chplan.o
  AR      drivers/soc/rockchip/built-in.a
  AR      drivers/soc/built-in.a
  CC      drivers/tty/serial/8250/8250_dma.o
  CC      drivers/tty/serial/8250/8250_early.o
  CC      drivers/thermal/cpu_cooling.o
  CC      drivers/tty/serial/8250/8250_fsl.o
  CC      drivers/tty/serial/8250/8250_dw.o
  CC      drivers/usb/core/hub.o
  CC      drivers/video/backlight/pwm_bl.o
  CC      drivers/scsi/scsi_sysfs.o
  CC      drivers/net/wireless/realtek/rtl88x2bu/core/monitor/rtw_radiotap.o
  CC      drivers/net/wireless/realtek/rtl88x2bu/core/rtw_recv.o
  CC      drivers/thermal/devfreq_cooling.o
  CC      drivers/net/wireless/realtek/rtl88x2bu/core/rtw_sta_mgt.o
  CC      drivers/usb/dwc3/core.o
  CC      drivers/thermal/rockchip_thermal.o
  AR      drivers/tty/serial/8250/built-in.a
  CC      drivers/usb/dwc3/host.o
  CC      drivers/tty/serial/earlycon.o
  AR      drivers/video/backlight/built-in.a
  CC      drivers/video/fbdev/core/fb_cmdline.o
  CC      drivers/scsi/scsi_devinfo.o
  CC      drivers/usb/dwc3/gadget.o
  CC      drivers/net/wireless/realtek/rtl88x2bu/core/rtw_ap.o
  AR      drivers/tty/serial/built-in.a
  AR      drivers/tty/vt/built-in.a
  CC      drivers/tty/tty_io.o
  AR      drivers/video/fbdev/core/built-in.a
  CC      drivers/watchdog/watchdog_core.o
  AR      drivers/thermal/built-in.a
  AR      drivers/video/fbdev/omap2/omapfb/displays/built-in.a
  AR      drivers/video/fbdev/omap2/omapfb/dss/built-in.a
  CC      drivers/usb/gadget/function/u_ether.o
  AR      drivers/video/fbdev/omap2/omapfb/built-in.a
  AR      drivers/video/fbdev/omap2/built-in.a
  AR      drivers/video/fbdev/built-in.a
  CC      drivers/video/rockchip/mpp/mpp_service.o
  CC      drivers/usb/host/ehci-hcd.o
  CC      drivers/tty/n_tty.o
  CC      drivers/video/rockchip/mpp/mpp_common.o
  CC      drivers/watchdog/watchdog_dev.o
  CC      drivers/scsi/scsi_sysctl.o
  CC      drivers/scsi/scsi_trace.o
  CC      drivers/usb/core/hcd.o
  CC      drivers/usb/gadget/function/f_rndis.o
  CC      drivers/usb/core/urb.o
  CC      drivers/watchdog/dw_wdt.o
  CC      drivers/usb/core/message.o
  CC      drivers/scsi/scsi_logging.o
  AR      drivers/usb/gadget/legacy/built-in.a
  CC      drivers/usb/dwc3/ep0.o
  CC      drivers/usb/dwc3/drd.o
  CC      drivers/usb/dwc3/debugfs.o
  CC      drivers/tty/tty_ioctl.o
  AR      drivers/watchdog/built-in.a
  CC      drivers/tty/tty_ldisc.o
  CC      drivers/video/rockchip/mpp/mpp_iommu.o
  CC      drivers/usb/gadget/function/rndis.o
  CC      drivers/usb/gadget/function/f_fs.o
  CC      drivers/scsi/scsi_pm.o
  CC      drivers/usb/gadget/function/u_audio.o
  CC      drivers/usb/gadget/udc/core.o
  CC      drivers/usb/gadget/usbstring.o
  CC      drivers/tty/tty_buffer.o
  CC      drivers/usb/dwc3/dwc3-of-simple.o
  CC      drivers/usb/dwc3/dwc3-rockchip-inno.o
  CC      drivers/video/rockchip/mpp/mpp_rkvdec.o
  CC      drivers/usb/core/driver.o
  CC      drivers/scsi/scsi_common.o
  CC      drivers/usb/gadget/config.o
  CC      drivers/usb/gadget/function/f_uac1.o
  CC      drivers/usb/host/ehci-platform.o
  CC      drivers/net/wireless/realtek/rtl88x2bu/core/wds/rtw_wds.o
  CC      drivers/tty/tty_port.o
  CC      drivers/tty/tty_mutex.o
  CC      drivers/scsi/sd.o
  CC      drivers/usb/gadget/function/f_uac2.o
  AR      drivers/usb/dwc3/built-in.a
  AR      drivers/usb/misc/built-in.a
  CC      drivers/usb/phy/of.o
  CC      drivers/usb/gadget/udc/trace.o
  CC      drivers/tty/tty_ldsem.o
  CC      drivers/usb/gadget/epautoconf.o
  CC      drivers/tty/tty_baudrate.o
  CC      drivers/video/rockchip/mpp/mpp_rkvenc.o
  AR      drivers/usb/phy/built-in.a
  CC      drivers/video/rockchip/mpp/mpp_vdpu2.o
  CC      drivers/usb/core/config.o
  CC      drivers/usb/host/ohci-hcd.o
  AR      drivers/usb/gadget/udc/built-in.a
  CC      drivers/video/rockchip/mpp/mpp_vepu2.o
  CC      drivers/usb/core/file.o
  CC      drivers/usb/core/buffer.o
  CC      drivers/tty/tty_jobctrl.o
  CC      drivers/usb/gadget/function/f_uvc.o
  CC      drivers/net/wireless/realtek/rtl88x2bu/core/mesh/rtw_mesh.o
  CC      drivers/net/wireless/realtek/rtl88x2bu/core/mesh/rtw_mesh_pathtbl.o
  CC      drivers/net/wireless/realtek/rtl88x2bu/core/mesh/rtw_mesh_hwmp.o
  CC      drivers/video/rockchip/mpp/mpp_iep2.o
  CC      drivers/net/wireless/realtek/rtl88x2bu/core/rtw_xmit.o
  CC      drivers/usb/gadget/function/uvc_queue.o
  CC      drivers/usb/gadget/function/uvc_v4l2.o
  CC      drivers/usb/gadget/function/uvc_video.o
  CC      drivers/usb/core/sysfs.o
  CC      drivers/tty/n_null.o
  CC      drivers/tty/pty.o
  CC      drivers/usb/core/endpoint.o
  CC      drivers/tty/sysrq.o
  CC      drivers/usb/gadget/function/uvc_configfs.o
  CC      drivers/usb/gadget/function/f_dfu.o
  CC      drivers/usb/core/devio.o
  CC      drivers/net/wireless/realtek/rtl88x2bu/core/rtw_p2p.o
  AR      drivers/video/rockchip/mpp/built-in.a
  CC      drivers/usb/host/ohci-platform.o
  CC      drivers/video/rockchip/rga2/rga2_drv.o
  CC      drivers/video/rockchip/rga2/rga2_mmu_info.o
  AR      drivers/scsi/built-in.a
  CC      drivers/usb/storage/scsiglue.o
  CC      drivers/usb/storage/protocol.o
  CC      drivers/net/wireless/realtek/rtl88x2bu/core/rtw_rson.o
  CC      drivers/net/wireless/realtek/rtl88x2bu/core/rtw_tdls.o
  CC      drivers/usb/host/xhci.o
  CC      drivers/video/rockchip/rga2/rga2_reg_info.o
  AR      drivers/tty/built-in.a
  CC      drivers/usb/core/notify.o
  CC      drivers/usb/storage/transport.o
  CC      drivers/usb/storage/usb.o
  CC      drivers/video/rockchip/rga2/RGA2_API.o
  CC      drivers/usb/core/generic.o
  CC      drivers/net/wireless/realtek/rtl88x2bu/core/rtw_br_ext.o
  AR      drivers/usb/gadget/function/built-in.a
  CC      drivers/usb/gadget/composite.o
  CC      drivers/video/rockchip/rga2/rga2_debugger.o
  CC      drivers/usb/core/quirks.o
  CC      drivers/usb/gadget/functions.o
  CC      drivers/usb/storage/initializers.o
  CC      drivers/usb/gadget/configfs.o
  CC      drivers/usb/gadget/u_f.o
  CC      drivers/video/hdmi.o
  CC      drivers/net/wireless/realtek/rtl88x2bu/core/rtw_iol.o
  CC      drivers/net/wireless/realtek/rtl88x2bu/core/rtw_sreset.o
  CC      drivers/usb/core/devices.o
  AR      drivers/video/rockchip/rga2/built-in.a
  CC      drivers/usb/core/phy.o
  AR      drivers/video/rockchip/built-in.a
  CC      drivers/usb/storage/sierra_ms.o
  CC      drivers/video/display_timing.o
  CC      drivers/video/videomode.o
  CC      drivers/usb/host/xhci-mem.o
  CC      drivers/video/of_display_timing.o
  CC      drivers/video/of_videomode.o
  CC      drivers/usb/host/xhci-ext-caps.o
  CC      drivers/usb/core/port.o
  CC      drivers/net/wireless/realtek/rtl88x2bu/core/rtw_btcoex_wifionly.o
  CC      drivers/usb/storage/option_ms.o
  CC      drivers/usb/core/of.o
  AR      drivers/video/built-in.a
  CC      drivers/net/wireless/realtek/rtl88x2bu/core/rtw_btcoex.o
  CC      drivers/usb/storage/usual-tables.o
  CC      drivers/usb/host/xhci-ring.o
  CC      drivers/net/wireless/realtek/rtl88x2bu/core/rtw_beamforming.o
  AR      drivers/usb/gadget/built-in.a
  CC      drivers/net/wireless/realtek/rtl88x2bu/core/rtw_odm.o
  CC      drivers/usb/host/xhci-hub.o
  CC      drivers/net/wireless/realtek/rtl88x2bu/core/rtw_rm.o
  CC      drivers/net/wireless/realtek/rtl88x2bu/core/rtw_rm_fsm.o
  CC      drivers/net/wireless/realtek/rtl88x2bu/core/rtw_ft.o
  AR      drivers/usb/core/built-in.a
  CC      drivers/net/wireless/realtek/rtl88x2bu/core/rtw_wnm.o
  AR      drivers/usb/storage/built-in.a
  CC      drivers/net/wireless/realtek/rtl88x2bu/core/rtw_mbo.o
  CC      drivers/net/wireless/realtek/rtl88x2bu/core/rtw_rm_util.o
  CC      drivers/usb/host/xhci-dbg.o
  CC      drivers/net/wireless/realtek/rtl88x2bu/core/efuse/rtw_efuse.o
  CC      drivers/usb/host/xhci-trace.o
  CC      drivers/net/wireless/realtek/rtl88x2bu/core/rtw_roch.o
  CC      drivers/net/wireless/realtek/rtl88x2bu/core/crypto/aes-internal.o
  CC      drivers/net/wireless/realtek/rtl88x2bu/core/crypto/aes-internal-enc.o
  CC      drivers/usb/host/xhci-debugfs.o
  CC      drivers/net/wireless/realtek/rtl88x2bu/core/crypto/aes-gcm.o
  CC      drivers/usb/host/xhci-plat.o
  CC      drivers/net/wireless/realtek/rtl88x2bu/core/crypto/aes-ccm.o
  CC      drivers/net/wireless/realtek/rtl88x2bu/core/crypto/aes-omac1.o
  CC      drivers/net/wireless/realtek/rtl88x2bu/core/crypto/ccmp.o
  CC      drivers/net/wireless/realtek/rtl88x2bu/core/crypto/gcmp.o
  CC      drivers/net/wireless/realtek/rtl88x2bu/core/crypto/aes-siv.o
  CC      drivers/net/wireless/realtek/rtl88x2bu/core/crypto/aes-ctr.o
  CC      drivers/net/wireless/realtek/rtl88x2bu/core/crypto/sha256-internal.o
  CC      drivers/net/wireless/realtek/rtl88x2bu/core/crypto/sha256.o
  CC      drivers/net/wireless/realtek/rtl88x2bu/core/crypto/sha256-prf.o
  AR      drivers/usb/host/built-in.a
  CC      drivers/net/wireless/realtek/rtl88x2bu/core/crypto/rtw_crypto_wrap.o
  AR      drivers/usb/built-in.a
  CC      drivers/net/wireless/realtek/rtl88x2bu/core/rtw_swcrypto.o
  CC      drivers/net/wireless/realtek/rtl88x2bu/os_dep/osdep_service.o
  CC      drivers/net/wireless/realtek/rtl88x2bu/os_dep/linux/os_intfs.o
  CC      drivers/net/wireless/realtek/rtl88x2bu/os_dep/linux/usb_intf.o
  CC      drivers/net/wireless/realtek/rtl88x2bu/os_dep/linux/usb_ops_linux.o
  CC      drivers/net/wireless/realtek/rtl88x2bu/os_dep/linux/ioctl_linux.o
  CC      drivers/net/wireless/realtek/rtl88x2bu/os_dep/linux/xmit_linux.o
  CC      drivers/net/wireless/realtek/rtl88x2bu/os_dep/linux/mlme_linux.o
  CC      drivers/net/wireless/realtek/rtl88x2bu/os_dep/linux/recv_linux.o
  CC      drivers/net/wireless/realtek/rtl88x2bu/os_dep/linux/ioctl_cfg80211.o
  CC      drivers/net/wireless/realtek/rtl88x2bu/os_dep/linux/rtw_cfgvendor.o
  CC      drivers/net/wireless/realtek/rtl88x2bu/os_dep/linux/wifi_regd.o
  CC      drivers/net/wireless/realtek/rtl88x2bu/os_dep/linux/rtw_android.o
  CC      drivers/net/wireless/realtek/rtl88x2bu/os_dep/linux/rtw_proc.o
  CC      drivers/net/wireless/realtek/rtl88x2bu/os_dep/linux/nlrtw.o
  CC      drivers/net/wireless/realtek/rtl88x2bu/os_dep/linux/rtw_rhashtable.o
  CC      drivers/net/wireless/realtek/rtl88x2bu/os_dep/linux/ioctl_mp.o
  CC      drivers/net/wireless/realtek/rtl88x2bu/hal/hal_intf.o
  CC      drivers/net/wireless/realtek/rtl88x2bu/hal/hal_com.o
  CC      drivers/net/wireless/realtek/rtl88x2bu/hal/hal_com_phycfg.o
  CC      drivers/net/wireless/realtek/rtl88x2bu/hal/hal_phy.o
  CC      drivers/net/wireless/realtek/rtl88x2bu/hal/hal_dm.o
  CC      drivers/net/wireless/realtek/rtl88x2bu/hal/hal_dm_acs.o
  CC      drivers/net/wireless/realtek/rtl88x2bu/hal/hal_btcoex_wifionly.o
  CC      drivers/net/wireless/realtek/rtl88x2bu/hal/hal_btcoex.o
  CC      drivers/net/wireless/realtek/rtl88x2bu/hal/hal_mp.o
  CC      drivers/net/wireless/realtek/rtl88x2bu/hal/hal_mcc.o
  CC      drivers/net/wireless/realtek/rtl88x2bu/hal/hal_hci/hal_usb.o
  CC      drivers/net/wireless/realtek/rtl88x2bu/hal/led/hal_led.o
  CC      drivers/net/wireless/realtek/rtl88x2bu/hal/led/hal_usb_led.o
  CC      drivers/net/wireless/realtek/rtl88x2bu/hal/rtl8822b/rtl8822b_halinit.o
  CC      drivers/net/wireless/realtek/rtl88x2bu/hal/rtl8822b/rtl8822b_mac.o
  CC      drivers/net/wireless/realtek/rtl88x2bu/hal/rtl8822b/rtl8822b_phy.o
  CC      drivers/net/wireless/realtek/rtl88x2bu/hal/rtl8822b/rtl8822b_cmd.o
  CC      drivers/net/wireless/realtek/rtl88x2bu/hal/rtl8822b/rtl8822b_ops.o
  CC      drivers/net/wireless/realtek/rtl88x2bu/hal/rtl8822b/hal8822b_fw.o
  CC      drivers/net/wireless/realtek/rtl88x2bu/hal/rtl8822b/usb/rtl8822bu_halinit.o
  CC      drivers/net/wireless/realtek/rtl88x2bu/hal/rtl8822b/usb/rtl8822bu_halmac.o
  CC      drivers/net/wireless/realtek/rtl88x2bu/hal/rtl8822b/usb/rtl8822bu_io.o
  CC      drivers/net/wireless/realtek/rtl88x2bu/hal/rtl8822b/usb/rtl8822bu_xmit.o
  CC      drivers/net/wireless/realtek/rtl88x2bu/hal/rtl8822b/usb/rtl8822bu_recv.o
  CC      drivers/net/wireless/realtek/rtl88x2bu/hal/rtl8822b/usb/rtl8822bu_led.o
  CC      drivers/net/wireless/realtek/rtl88x2bu/hal/rtl8822b/usb/rtl8822bu_ops.o
  CC      drivers/net/wireless/realtek/rtl88x2bu/hal/efuse/rtl8822b/HalEfuseMask8822B_USB.o
  CC      drivers/net/wireless/realtek/rtl88x2bu/hal/hal_halmac.o
  CC      drivers/net/wireless/realtek/rtl88x2bu/hal/halmac/halmac_api.o
  CC      drivers/net/wireless/realtek/rtl88x2bu/hal/halmac/halmac_dbg.o
  CC      drivers/net/wireless/realtek/rtl88x2bu/hal/halmac/halmac_88xx/halmac_bb_rf_88xx.o
  CC      drivers/net/wireless/realtek/rtl88x2bu/hal/halmac/halmac_88xx/halmac_cfg_wmac_88xx.o
  CC      drivers/net/wireless/realtek/rtl88x2bu/hal/halmac/halmac_88xx/halmac_efuse_88xx.o
  CC      drivers/net/wireless/realtek/rtl88x2bu/hal/halmac/halmac_88xx/halmac_common_88xx.o
  CC      drivers/net/wireless/realtek/rtl88x2bu/hal/halmac/halmac_88xx/halmac_flash_88xx.o
  CC      drivers/net/wireless/realtek/rtl88x2bu/hal/halmac/halmac_88xx/halmac_fw_88xx.o
  CC      drivers/net/wireless/realtek/rtl88x2bu/hal/halmac/halmac_88xx/halmac_gpio_88xx.o
  CC      drivers/net/wireless/realtek/rtl88x2bu/hal/halmac/halmac_88xx/halmac_init_88xx.o
  CC      drivers/net/wireless/realtek/rtl88x2bu/hal/halmac/halmac_88xx/halmac_mimo_88xx.o
  CC      drivers/net/wireless/realtek/rtl88x2bu/hal/halmac/halmac_88xx/halmac_usb_88xx.o
  CC      drivers/net/wireless/realtek/rtl88x2bu/hal/halmac/halmac_88xx/halmac_8822b/halmac_cfg_wmac_8822b.o
  CC      drivers/net/wireless/realtek/rtl88x2bu/hal/halmac/halmac_88xx/halmac_8822b/halmac_common_8822b.o
  CC      drivers/net/wireless/realtek/rtl88x2bu/hal/halmac/halmac_88xx/halmac_8822b/halmac_gpio_8822b.o
  CC      drivers/net/wireless/realtek/rtl88x2bu/hal/halmac/halmac_88xx/halmac_8822b/halmac_init_8822b.o
  CC      drivers/net/wireless/realtek/rtl88x2bu/hal/halmac/halmac_88xx/halmac_8822b/halmac_phy_8822b.o
  CC      drivers/net/wireless/realtek/rtl88x2bu/hal/halmac/halmac_88xx/halmac_8822b/halmac_pwr_seq_8822b.o
  CC      drivers/net/wireless/realtek/rtl88x2bu/hal/halmac/halmac_88xx/halmac_8822b/halmac_usb_8822b.o
  CC      drivers/net/wireless/realtek/rtl88x2bu/hal/phydm/phydm_debug.o
  CC      drivers/net/wireless/realtek/rtl88x2bu/hal/phydm/phydm_antdiv.o
  CC      drivers/net/wireless/realtek/rtl88x2bu/hal/phydm/phydm_soml.o
  CC      drivers/net/wireless/realtek/rtl88x2bu/hal/phydm/phydm_smt_ant.o
  CC      drivers/net/wireless/realtek/rtl88x2bu/hal/phydm/phydm_antdect.o
  CC      drivers/net/wireless/realtek/rtl88x2bu/hal/phydm/phydm_interface.o
  CC      drivers/net/wireless/realtek/rtl88x2bu/hal/phydm/phydm_phystatus.o
  CC      drivers/net/wireless/realtek/rtl88x2bu/hal/phydm/phydm_hwconfig.o
  CC      drivers/net/wireless/realtek/rtl88x2bu/hal/phydm/phydm.o
  CC      drivers/net/wireless/realtek/rtl88x2bu/hal/phydm/phydm_dig.o
  CC      drivers/net/wireless/realtek/rtl88x2bu/hal/phydm/phydm_pathdiv.o
  CC      drivers/net/wireless/realtek/rtl88x2bu/hal/phydm/phydm_rainfo.o
  CC      drivers/net/wireless/realtek/rtl88x2bu/hal/phydm/phydm_dynamictxpower.o
  CC      drivers/net/wireless/realtek/rtl88x2bu/hal/phydm/phydm_adaptivity.o
  CC      drivers/net/wireless/realtek/rtl88x2bu/hal/phydm/phydm_cfotracking.o
  CC      drivers/net/wireless/realtek/rtl88x2bu/hal/phydm/phydm_noisemonitor.o
  CC      drivers/net/wireless/realtek/rtl88x2bu/hal/phydm/phydm_beamforming.o
  CC      drivers/net/wireless/realtek/rtl88x2bu/hal/phydm/phydm_direct_bf.o
  CC      drivers/net/wireless/realtek/rtl88x2bu/hal/phydm/txbf/halcomtxbf.o
  CC      drivers/net/wireless/realtek/rtl88x2bu/hal/phydm/phydm_dfs.o
  CC      drivers/net/wireless/realtek/rtl88x2bu/hal/phydm/txbf/haltxbfinterface.o
  CC      drivers/net/wireless/realtek/rtl88x2bu/hal/phydm/txbf/phydm_hal_txbf_api.o
  CC      drivers/net/wireless/realtek/rtl88x2bu/hal/phydm/phydm_adc_sampling.o
  CC      drivers/net/wireless/realtek/rtl88x2bu/hal/phydm/phydm_ccx.o
  CC      drivers/net/wireless/realtek/rtl88x2bu/hal/phydm/phydm_psd.o
  CC      drivers/net/wireless/realtek/rtl88x2bu/hal/phydm/phydm_primary_cca.o
  CC      drivers/net/wireless/realtek/rtl88x2bu/hal/phydm/phydm_cck_pd.o
  CC      drivers/net/wireless/realtek/rtl88x2bu/hal/phydm/phydm_rssi_monitor.o
  CC      drivers/net/wireless/realtek/rtl88x2bu/hal/phydm/phydm_auto_dbg.o
  CC      drivers/net/wireless/realtek/rtl88x2bu/hal/phydm/phydm_math_lib.o
  CC      drivers/net/wireless/realtek/rtl88x2bu/hal/phydm/phydm_api.o
  CC      drivers/net/wireless/realtek/rtl88x2bu/hal/phydm/phydm_pow_train.o
  CC      drivers/net/wireless/realtek/rtl88x2bu/hal/phydm/phydm_lna_sat.o
  CC      drivers/net/wireless/realtek/rtl88x2bu/hal/phydm/phydm_pmac_tx_setting.o
  CC      drivers/net/wireless/realtek/rtl88x2bu/hal/phydm/phydm_mp.o
  CC      drivers/net/wireless/realtek/rtl88x2bu/hal/phydm/phydm_cck_rx_pathdiv.o
  CC      drivers/net/wireless/realtek/rtl88x2bu/hal/phydm/halrf/halrf.o
  CC      drivers/net/wireless/realtek/rtl88x2bu/hal/phydm/halrf/halrf_debug.o
  CC      drivers/net/wireless/realtek/rtl88x2bu/hal/phydm/halrf/halphyrf_ce.o
  CC      drivers/net/wireless/realtek/rtl88x2bu/hal/phydm/halrf/halrf_powertracking_ce.o
  CC      drivers/net/wireless/realtek/rtl88x2bu/hal/phydm/halrf/halrf_powertracking.o
  CC      drivers/net/wireless/realtek/rtl88x2bu/hal/phydm/halrf/halrf_kfree.o
  CC      drivers/net/wireless/realtek/rtl88x2bu/hal/phydm/halrf/halrf_psd.o
  CC      drivers/net/wireless/realtek/rtl88x2bu/hal/phydm/rtl8822b/halhwimg8822b_bb.o
  CC      drivers/net/wireless/realtek/rtl88x2bu/hal/phydm/rtl8822b/halhwimg8822b_mac.o
  CC      drivers/net/wireless/realtek/rtl88x2bu/hal/phydm/halrf/rtl8822b/halrf_8822b.o
  CC      drivers/net/wireless/realtek/rtl88x2bu/hal/phydm/rtl8822b/phydm_hal_api8822b.o
  CC      drivers/net/wireless/realtek/rtl88x2bu/hal/phydm/halrf/rtl8822b/halhwimg8822b_rf.o
  CC      drivers/net/wireless/realtek/rtl88x2bu/hal/phydm/halrf/rtl8822b/halrf_iqk_8822b.o
  CC      drivers/net/wireless/realtek/rtl88x2bu/hal/phydm/halrf/rtl8822b/halrf_rfk_init_8822b.o
  CC      drivers/net/wireless/realtek/rtl88x2bu/hal/phydm/rtl8822b/phydm_regconfig8822b.o
  CC      drivers/net/wireless/realtek/rtl88x2bu/hal/phydm/rtl8822b/phydm_rtl8822b.o
  CC      drivers/net/wireless/realtek/rtl88x2bu/hal/phydm/txbf/haltxbf8822b.o
  CC      drivers/net/wireless/realtek/rtl88x2bu/hal/btc/halbtc8822bwifionly.o
  CC      drivers/net/wireless/realtek/rtl88x2bu/hal/btc/halbtc8822b1ant.o
  CC      drivers/net/wireless/realtek/rtl88x2bu/hal/btc/halbtc8822b2ant.o
  CC      drivers/net/wireless/realtek/rtl88x2bu/platform/platform_ops.o
  CC      drivers/net/wireless/realtek/rtl88x2bu/core/rtw_mp.o
  AR      drivers/net/wireless/realtek/rtl88x2bu/built-in.a
  AR      drivers/net/wireless/realtek/built-in.a
  AR      drivers/net/wireless/built-in.a
  AR      drivers/net/built-in.a
  AR      drivers/built-in.a
  GEN     .version
  CHK     include/generated/compile.h
  AR      built-in.a
  MODPOST vmlinux.o
  KSYM    .tmp_kallsyms1.o
  KSYM    .tmp_kallsyms2.o
  LD      vmlinux
  SORTEX  vmlinux
  SYSMAP  System.map
  OBJCOPY arch/arm/boot/Image
  Kernel: arch/arm/boot/Image is ready
  LDS     arch/arm/boot/compressed/vmlinux.lds
  AS      arch/arm/boot/compressed/head.o
  LZ4     arch/arm/boot/compressed/piggy_data
  CC      arch/arm/boot/compressed/misc.o
  CC      arch/arm/boot/compressed/decompress.o
  CC      arch/arm/boot/compressed/string.o
  AS      arch/arm/boot/compressed/hyp-stub.o
  AS      arch/arm/boot/compressed/lib1funcs.o
  AS      arch/arm/boot/compressed/ashldi3.o
  AS      arch/arm/boot/compressed/bswapsdi2.o
  AS      arch/arm/boot/compressed/piggy.o
  LD      arch/arm/boot/compressed/vmlinux
  OBJCOPY arch/arm/boot/zImage
  Kernel: arch/arm/boot/zImage is ready
  Image:  kernel.img (with zImage) is ready
  CALL    scripts/checksyscalls.sh
  CC [M]  fs/ntfs/aops.o
  CC [M]  fs/ntfs/attrib.o
  CC [M]  fs/ntfs/collate.o
  CC [M]  fs/ntfs/compress.o
  CC [M]  fs/ntfs/debug.o
  CC [M]  fs/ntfs/dir.o
  CC [M]  fs/ntfs/file.o
  CC [M]  fs/ntfs/index.o
  CC [M]  fs/ntfs/inode.o
  CC [M]  fs/ntfs/mft.o
  CC [M]  fs/ntfs/mst.o
  CC [M]  fs/ntfs/namei.o
  CC [M]  fs/ntfs/runlist.o
  CC [M]  fs/ntfs/super.o
  CC [M]  fs/ntfs/sysctl.o
  CC [M]  fs/ntfs/unistr.o
  CC [M]  fs/ntfs/upcase.o
  LD [M]  fs/ntfs/ntfs.o
  Building modules, stage 2.
  MODPOST 1 modules
  CC      fs/ntfs/ntfs.mod.o
  LD [M]  fs/ntfs/ntfs.ko
  Image:  resource.img (with rv1126-evb-ddr3-v12.dtb logo.bmp logo_kernel.bmp) is ready
  Image:  boot.img (with Image  resource.img) is ready
  Image:  zboot.img (with zImage  resource.img) is ready
make: Leaving directory '/github/OpenHD-RV1126-OS/kernel'
FIT description: U-Boot FIT source file for arm
Created:         Thu Mar 27 23:16:08 2025
 Image 0 (fdt)
  Description:  unavailable
  Created:      Thu Mar 27 23:16:08 2025
  Type:         Flat Device Tree
  Compression:  uncompressed
  Data Size:    101589 Bytes = 99.21 KiB = 0.10 MiB
  Architecture: ARM
  Load Address: 0xffffff00
  Hash algo:    sha256
  Hash value:   119097569de3464f40ea2851c102f1cab8fd100c5849db05a700d5e72d6b3152
 Image 1 (kernel)
  Description:  unavailable
  Created:      Thu Mar 27 23:16:08 2025
  Type:         Kernel Image
  Compression:  uncompressed
  Data Size:    7215256 Bytes = 7046.15 KiB = 6.88 MiB
  Architecture: ARM
  OS:           Linux
  Load Address: 0xffffff01
  Entry Point:  0xffffff01
  Hash algo:    sha256
  Hash value:   c97e4486a60635d5c8ae3655d54295c23b282a081736712f499af32f13f4e6f8
 Image 2 (resource)
  Description:  unavailable
  Created:      Thu Mar 27 23:16:08 2025
  Type:         Multi-File Image
  Compression:  uncompressed
  Data Size:    139776 Bytes = 136.50 KiB = 0.13 MiB
  Hash algo:    sha256
  Hash value:   292723ce3a1f9e1f90c03317f576344d0765352ac83d54635879ad81f824a2fd
 Default Configuration: 'conf'
 Configuration 0 (conf)
  Description:  unavailable
  Kernel:       kernel
  FDT:          fdt
[41;1;30m PLEASE CHECK BOARD GPIO POWER DOMAIN CONFIGURATION !!!!![0m
[41;1;30m <<< ESPECIALLY Wi-Fi/Flash/Ethernet IO power domain >>> !!!!![0m
[41;1;30m Check Node [pmu_io_domains] in the file: kernel/arch/arm/boot/dts/rv1126-evb-ddr3-v12.dts [0m

[41;1;30m 请再次确认板级的电源域配置！！！！！！[0m
[41;1;30m <<< 特别是Wi-Fi，FLASH，以太网这几路IO电源的配置 >>> ！！！！！[0m
[41;1;30m 检查内核文件 kernel/arch/arm/boot/dts/rv1126-evb-ddr3-v12.dts 的节点 [pmu_io_domains] [0m


[1;33mpmuio0-supply [0m
regulator-min-microvolt =  [1;31m1800mV[0m
regulator-max-microvolt =  [1;31m1800mV[0m


[1;33mpmuio1-supply [0m
regulator-min-microvolt =  [1;31m3300mV[0m
regulator-max-microvolt =  [1;31m3300mV[0m


[1;33mvccio2-supply [0m
regulator-min-microvolt =  [1;31m1800mV[0m
regulator-max-microvolt =  [1;31m3300mV[0m


[1;33mvccio3-supply [0m
regulator-min-microvolt =  [1;31m1800mV[0m
regulator-max-microvolt =  [1;31m1800mV[0m


[1;33mvccio4-supply [0m
regulator-min-microvolt =  [1;31m1800mV[0m
regulator-max-microvolt =  [1;31m1800mV[0m


[1;33mvccio6-supply [0m
regulator-min-microvolt =  [1;31m1800mV[0m
regulator-max-microvolt =  [1;31m1800mV[0m


[1;33mvccio7-supply [0m
regulator-min-microvolt =  [1;31m1800mV[0m
regulator-max-microvolt =  [1;31m1800mV[0m
[35mRunning build_kernel succeeded.[0m
==========Start building rootfs(buildroot)==========
==========Start building buildroot rootfs ==========
TARGET_BUILDROOT_CONFIG=rockchip_rv1126_rv1109
=========================================
Top of tree: /github/OpenHD-RV1126-OS
===========================================

#TARGET_BOARD=rv1126
#OUTPUT_DIR=output/rockchip_rv1126_rv1109
#CONFIG=rockchip_rv1126_rv1109_defconfig

===========================================
make: Entering directory '/github/OpenHD-RV1126-OS/buildroot'
mkdir -p /github/OpenHD-RV1126-OS/buildroot/output/rockchip_rv1126_rv1109/build/buildroot-config/lxdialog
PKG_CONFIG_PATH="" make CC="/usr/bin/gcc" HOSTCC="/usr/bin/gcc" \
    obj=/github/OpenHD-RV1126-OS/buildroot/output/rockchip_rv1126_rv1109/build/buildroot-config -C support/kconfig -f Makefile.br conf
/usr/bin/gcc -D_GNU_SOURCE -D_DEFAULT_SOURCE -DCURSES_LOC="<ncurses.h>" -DLOCALE  -I/github/OpenHD-RV1126-OS/buildroot/output/rockchip_rv1126_rv1109/build/buildroot-config -DCONFIG_=\"\"  -MM *.c > /github/OpenHD-RV1126-OS/buildroot/output/rockchip_rv1126_rv1109/build/buildroot-config/.depend 2>/dev/null || :
/usr/bin/gcc -D_GNU_SOURCE -D_DEFAULT_SOURCE -DCURSES_LOC="<ncurses.h>" -DLOCALE  -I/github/OpenHD-RV1126-OS/buildroot/output/rockchip_rv1126_rv1109/build/buildroot-config -DCONFIG_=\"\"   -c conf.c -o /github/OpenHD-RV1126-OS/buildroot/output/rockchip_rv1126_rv1109/build/buildroot-config/conf.o
/usr/bin/gcc -D_GNU_SOURCE -D_DEFAULT_SOURCE -DCURSES_LOC="<ncurses.h>" -DLOCALE  -I/github/OpenHD-RV1126-OS/buildroot/output/rockchip_rv1126_rv1109/build/buildroot-config -DCONFIG_=\"\"  -I. -c /github/OpenHD-RV1126-OS/buildroot/output/rockchip_rv1126_rv1109/build/buildroot-config/zconf.tab.c -o /github/OpenHD-RV1126-OS/buildroot/output/rockchip_rv1126_rv1109/build/buildroot-config/zconf.tab.o
/usr/bin/gcc -D_GNU_SOURCE -D_DEFAULT_SOURCE -DCURSES_LOC="<ncurses.h>" -DLOCALE  -I/github/OpenHD-RV1126-OS/buildroot/output/rockchip_rv1126_rv1109/build/buildroot-config -DCONFIG_=\"\"   /github/OpenHD-RV1126-OS/buildroot/output/rockchip_rv1126_rv1109/build/buildroot-config/conf.o /github/OpenHD-RV1126-OS/buildroot/output/rockchip_rv1126_rv1109/build/buildroot-config/zconf.tab.o  -o /github/OpenHD-RV1126-OS/buildroot/output/rockchip_rv1126_rv1109/build/buildroot-config/conf
rm /github/OpenHD-RV1126-OS/buildroot/output/rockchip_rv1126_rv1109/build/buildroot-config/zconf.tab.c
  GEN     /github/OpenHD-RV1126-OS/buildroot/output/rockchip_rv1126_rv1109/Makefile
/github/OpenHD-RV1126-OS/buildroot/build/parse_defconfig.sh /github/OpenHD-RV1126-OS/buildroot/configs/rockchip_rv1126_rv1109_defconfig /github/OpenHD-RV1126-OS/buildroot/output/rockchip_rv1126_rv1109/.config.in
Parsing defconfig: /github/OpenHD-RV1126-OS/buildroot/configs/rockchip_rv1126_rv1109_defconfig
Using configs/rockchip/base/kernel.config as base
Merging configs/rockchip/fs/e2fs.config
Merging configs/rockchip/base/common.config
Merging configs/rockchip/base/base.config
Merging configs/rockchip/chips/rv1126_rv1109.config
Value of BR2_ROOTFS_OVERLAY is redefined by configs/rockchip/chips/rv1126_rv1109.config:
Previous value:	BR2_ROOTFS_OVERLAY="board/rockchip/common/base"
Modify value:	BR2_ROOTFS_OVERLAY+="board/rockchip/rv1126_rv1109/fs-overlay/"
New value:	BR2_ROOTFS_OVERLAY="board/rockchip/common/base board/rockchip/rv1126_rv1109/fs-overlay/"

Merging configs/rockchip/toolchain/arm_8_armhf.config
Merging configs/rockchip/chips/rv1126_rv1109_arm.config
Merging configs/rockchip/multimedia/audio.config
Merging configs/rockchip/multimedia/camera.config
Merging configs/rockchip/multimedia/mpp.config
Merging configs/rockchip/multimedia/gst/video.config
Merging configs/rockchip/multimedia/gst/camera.config
Merging configs/rockchip/multimedia/gst/rtsp.config
Value of BR2_PACKAGE_GST1_PLUGINS_BASE_PLUGIN_VIDEORATE is redefined by configs/rockchip/multimedia/gst/rtsp.config:
Previous value:	BR2_PACKAGE_GST1_PLUGINS_BASE_PLUGIN_VIDEORATE=y
BR2_PACKAGE_GST1_PLUGINS_BASE_PLUGIN_VIDEORATE=y
New value:	BR2_PACKAGE_GST1_PLUGINS_BASE_PLUGIN_VIDEORATE=y

Merging configs/rockchip/multimedia/gst/audio.config
Merging configs/rockchip/debug.config
Merging configs/rockchip/update_engine.config
Merging /github/OpenHD-RV1126-OS/buildroot/configs/rockchip_rv1126_rv1109_defconfig
Value of BR2_ROOTFS_OVERLAY is redefined by /github/OpenHD-RV1126-OS/buildroot/configs/rockchip_rv1126_rv1109_defconfig:
Previous value:	BR2_ROOTFS_OVERLAY="board/rockchip/common/base board/rockchip/rv1126_rv1109/fs-overlay/"
Modify value:	BR2_ROOTFS_OVERLAY+="board/rockchip/rv1126_rv1109/fs-overlay-sysv/"
New value:	BR2_ROOTFS_OVERLAY="board/rockchip/common/base board/rockchip/rv1126_rv1109/fs-overlay/ board/rockchip/rv1126_rv1109/fs-overlay-sysv/"

Value of BR2_TARGET_GENERIC_HOSTNAME is redefined by /github/OpenHD-RV1126-OS/buildroot/configs/rockchip_rv1126_rv1109_defconfig:
Previous value:	BR2_TARGET_GENERIC_HOSTNAME="openhd"
New value:	BR2_TARGET_GENERIC_HOSTNAME="OpenHD"

#
# merged configuration written to /github/OpenHD-RV1126-OS/buildroot/output/rockchip_rv1126_rv1109/.config.in (needs make)
#
BR2_DEFCONFIG='' KCONFIG_AUTOCONFIG=/github/OpenHD-RV1126-OS/buildroot/output/rockchip_rv1126_rv1109/build/buildroot-config/auto.conf KCONFIG_AUTOHEADER=/github/OpenHD-RV1126-OS/buildroot/output/rockchip_rv1126_rv1109/build/buildroot-config/autoconf.h KCONFIG_TRISTATE=/github/OpenHD-RV1126-OS/buildroot/output/rockchip_rv1126_rv1109/build/buildroot-config/tristate.config BR2_CONFIG=/github/OpenHD-RV1126-OS/buildroot/output/rockchip_rv1126_rv1109/.config HOST_GCC_VERSION="7" BASE_DIR=/github/OpenHD-RV1126-OS/buildroot/output/rockchip_rv1126_rv1109 SKIP_LEGACY= CUSTOM_KERNEL_VERSION="4.19" BR2_DEFCONFIG=/github/OpenHD-RV1126-OS/buildroot/configs/rockchip_rv1126_rv1109_defconfig /github/OpenHD-RV1126-OS/buildroot/output/rockchip_rv1126_rv1109/build/buildroot-config/conf --defconfig=/github/OpenHD-RV1126-OS/buildroot/output/rockchip_rv1126_rv1109/.config.in Config.in
#
# configuration written to /github/OpenHD-RV1126-OS/buildroot/output/rockchip_rv1126_rv1109/.config
#
make: Leaving directory '/github/OpenHD-RV1126-OS/buildroot'
2025-03-27T23:16:20 [7m>>> host-skeleton  Extracting[27m
2025-03-27T23:16:20 [7m>>> host-skeleton  Patching[27m
2025-03-27T23:16:20 [7m>>> host-skeleton  Configuring[27m
2025-03-27T23:16:20 [7m>>> host-skeleton  Building[27m
2025-03-27T23:16:20 [7m>>> host-skeleton  Installing to host directory[27m
2025-03-27T23:16:21 [7m>>> host-ccache 3.7.12 Extracting[27m
2025-03-27T23:16:21 [7m>>> host-ccache 3.7.12 Patching[27m
2025-03-27T23:16:21 [7m>>> host-ccache 3.7.12 Updating config.sub and config.guess[27m
2025-03-27T23:16:21 [7m>>> host-ccache 3.7.12 Patching libtool[27m
2025-03-27T23:16:21 [7m>>> host-ccache 3.7.12 Configuring[27m
2025-03-27T23:16:25 [7m>>> host-ccache 3.7.12 Building[27m
2025-03-27T23:16:26 [7m>>> host-ccache 3.7.12 Installing to host directory[27m
2025-03-27T23:16:26 [7m>>> host-attr 2.5.1 Extracting[27m
2025-03-27T23:16:27 [7m>>> host-attr 2.5.1 Patching[27m
2025-03-27T23:16:27 [7m>>> host-attr 2.5.1 Updating config.sub and config.guess[27m
2025-03-27T23:16:27 [7m>>> host-attr 2.5.1 Patching libtool[27m
2025-03-27T23:16:27 [7m>>> host-attr 2.5.1 Configuring[27m
2025-03-27T23:16:30 [7m>>> host-attr 2.5.1 Building[27m
2025-03-27T23:16:30 [7m>>> host-attr 2.5.1 Installing to host directory[27m
2025-03-27T23:16:31 [7m>>> host-acl 2.3.1 Extracting[27m
2025-03-27T23:16:31 [7m>>> host-acl 2.3.1 Patching[27m
2025-03-27T23:16:31 [7m>>> host-acl 2.3.1 Updating config.sub and config.guess[27m
2025-03-27T23:16:31 [7m>>> host-acl 2.3.1 Patching libtool[27m
2025-03-27T23:16:31 [7m>>> host-acl 2.3.1 Configuring[27m
2025-03-27T23:16:34 [7m>>> host-acl 2.3.1 Building[27m
2025-03-27T23:16:35 [7m>>> host-acl 2.3.1 Installing to host directory[27m
2025-03-27T23:16:36 [7m>>> host-fakeroot 1.26 Extracting[27m
2025-03-27T23:16:36 [7m>>> host-fakeroot 1.26 Patching[27m
2025-03-27T23:16:36 [7m>>> host-fakeroot 1.26 Updating config.sub and config.guess[27m
2025-03-27T23:16:36 [7m>>> host-fakeroot 1.26 Patching libtool[27m
2025-03-27T23:16:36 [7m>>> host-fakeroot 1.26 Configuring[27m
2025-03-27T23:16:42 [7m>>> host-fakeroot 1.26 Building[27m
2025-03-27T23:16:43 [7m>>> host-fakeroot 1.26 Installing to host directory[27m
2025-03-27T23:16:44 [7m>>> host-makedevs  Extracting[27m
2025-03-27T23:16:44 [7m>>> host-makedevs  Patching[27m
2025-03-27T23:16:44 [7m>>> host-makedevs  Configuring[27m
2025-03-27T23:16:44 [7m>>> host-makedevs  Building[27m
2025-03-27T23:16:44 [7m>>> host-makedevs  Installing to host directory[27m
2025-03-27T23:16:45 [7m>>> host-mkpasswd  Extracting[27m
2025-03-27T23:16:45 [7m>>> host-mkpasswd  Patching[27m
2025-03-27T23:16:45 [7m>>> host-mkpasswd  Configuring[27m
2025-03-27T23:16:45 [7m>>> host-mkpasswd  Building[27m
2025-03-27T23:16:45 [7m>>> host-mkpasswd  Installing to host directory[27m
2025-03-27T23:16:46 [7m>>> skeleton-init-common  Extracting[27m
2025-03-27T23:16:46 [7m>>> skeleton-init-common  Patching[27m
2025-03-27T23:16:46 [7m>>> skeleton-init-common  Configuring[27m
2025-03-27T23:16:46 [7m>>> skeleton-init-common  Building[27m
2025-03-27T23:16:46 [7m>>> skeleton-init-common  Installing to staging directory[27m
2025-03-27T23:16:46 [7m>>> skeleton-init-common  Fixing libtool files[27m
2025-03-27T23:16:46 [7m>>> skeleton-init-common  Installing to target[27m
2025-03-27T23:16:47 [7m>>> skeleton-init-sysv  Extracting[27m
2025-03-27T23:16:47 [7m>>> skeleton-init-sysv  Patching[27m
2025-03-27T23:16:47 [7m>>> skeleton-init-sysv  Configuring[27m
2025-03-27T23:16:47 [7m>>> skeleton-init-sysv  Building[27m
2025-03-27T23:16:47 [7m>>> skeleton-init-sysv  Installing to target[27m
2025-03-27T23:16:48 [7m>>> skeleton  Extracting[27m
2025-03-27T23:16:48 [7m>>> skeleton  Patching[27m
2025-03-27T23:16:48 [7m>>> skeleton  Configuring[27m
2025-03-27T23:16:48 [7m>>> skeleton  Building[27m
2025-03-27T23:16:48 [7m>>> skeleton  Installing to target[27m
2025-03-27T23:16:48 [7m>>> toolchain-external-custom  Extracting[27m
2025-03-27T23:16:49 [7m>>> toolchain-external-custom  Patching[27m
2025-03-27T23:16:49 [7m>>> toolchain-external-custom  Configuring[27m
2025-03-27T23:16:49 [7m>>> toolchain-external-custom  Building[27m
2025-03-27T23:16:49 [7m>>> toolchain-external-custom  Installing to staging directory[27m
2025-03-27T23:16:49 [7m>>> toolchain-external-custom  Copying external toolchain sysroot to staging...[27m
2025-03-27T23:16:50 [7m>>> toolchain-external-custom  Installing gdbinit[27m
2025-03-27T23:16:51 [7m>>> toolchain-external-custom  Fixing libtool files[27m
2025-03-27T23:16:51 [7m>>> toolchain-external-custom  Installing to target[27m
2025-03-27T23:16:51 [7m>>> toolchain-external-custom  Copying external toolchain libraries to target...[27m
2025-03-27T23:16:52 [7m>>> host-m4 1.4.19 Extracting[27m
2025-03-27T23:16:52 [7m>>> host-m4 1.4.19 Patching[27m
2025-03-27T23:16:52 [7m>>> host-m4 1.4.19 Updating config.sub and config.guess[27m
2025-03-27T23:16:52 [7m>>> host-m4 1.4.19 Patching libtool[27m
2025-03-27T23:16:52 [7m>>> host-m4 1.4.19 Configuring[27m
2025-03-27T23:17:17 [7m>>> host-m4 1.4.19 Building[27m
2025-03-27T23:17:17 [7m>>> host-m4 1.4.19 Installing to host directory[27m
2025-03-27T23:17:18 [7m>>> host-libtool 2.4.6 Extracting[27m
2025-03-27T23:17:18 [7m>>> host-libtool 2.4.6 Patching[27m
2025-03-27T23:17:18 [7m>>> host-libtool 2.4.6 Updating config.sub and config.guess[27m
2025-03-27T23:17:19 [7m>>> host-libtool 2.4.6 Configuring[27m
2025-03-27T23:17:25 [7m>>> host-libtool 2.4.6 Building[27m
2025-03-27T23:17:27 [7m>>> host-libtool 2.4.6 Installing to host directory[27m
2025-03-27T23:17:28 [7m>>> host-autoconf 2.71 Extracting[27m
2025-03-27T23:17:28 [7m>>> host-autoconf 2.71 Patching[27m
2025-03-27T23:17:28 [7m>>> host-autoconf 2.71 Updating config.sub and config.guess[27m
2025-03-27T23:17:28 [7m>>> host-autoconf 2.71 Patching libtool[27m
2025-03-27T23:17:28 [7m>>> host-autoconf 2.71 Configuring[27m
2025-03-27T23:17:30 [7m>>> host-autoconf 2.71 Building[27m
2025-03-27T23:17:30 [7m>>> host-autoconf 2.71 Installing to host directory[27m
2025-03-27T23:17:31 [7m>>> host-automake 1.16.5 Extracting[27m
2025-03-27T23:17:31 [7m>>> host-automake 1.16.5 Patching[27m
2025-03-27T23:17:31 [7m>>> host-automake 1.16.5 Updating config.sub and config.guess[27m
2025-03-27T23:17:31 [7m>>> host-automake 1.16.5 Patching libtool[27m
2025-03-27T23:17:31 [7m>>> host-automake 1.16.5 Configuring[27m
2025-03-27T23:17:33 [7m>>> host-automake 1.16.5 Building[27m
2025-03-27T23:17:33 [7m>>> host-automake 1.16.5 Installing to host directory[27m
2025-03-27T23:17:34 [7m>>> toolchain-external  Extracting[27m
2025-03-27T23:17:34 [7m>>> toolchain-external  Patching[27m
2025-03-27T23:17:34 [7m>>> toolchain-external  Configuring[27m
2025-03-27T23:17:34 [7m>>> toolchain-external  Building[27m
2025-03-27T23:17:34 [7m>>> toolchain-external  Installing to target[27m
2025-03-27T23:17:35 [7m>>> toolchain  Extracting[27m
2025-03-27T23:17:35 [7m>>> toolchain  Patching[27m
2025-03-27T23:17:35 [7m>>> toolchain  Configuring[27m
2025-03-27T23:17:35 [7m>>> toolchain  Building[27m
2025-03-27T23:17:35 [7m>>> toolchain  Installing to staging directory[27m
2025-03-27T23:17:35 [7m>>> toolchain  Fixing libtool files[27m
2025-03-27T23:17:35 [7m>>> toolchain  Installing to target[27m
2025-03-27T23:17:36 [7m>>> alsa-lib 1.2.7.2 Extracting[27m
2025-03-27T23:17:36 [7m>>> alsa-lib 1.2.7.2 Patching[27m
2025-03-27T23:17:36 [7m>>> alsa-lib 1.2.7.2 Updating config.sub and config.guess[27m
2025-03-27T23:17:36 [7m>>> alsa-lib 1.2.7.2 Configuring[27m
2025-03-27T23:17:37 [7m>>> alsa-lib 1.2.7.2 Autoreconfiguring[27m
2025-03-27T23:17:42 [7m>>> alsa-lib 1.2.7.2 Patching libtool[27m
2025-03-27T23:17:47 [7m>>> alsa-lib 1.2.7.2 Building[27m
2025-03-27T23:17:50 [7m>>> alsa-lib 1.2.7.2 Installing to staging directory[27m
2025-03-27T23:17:51 [7m>>> alsa-lib 1.2.7.2 Fixing libtool files[27m
2025-03-27T23:17:51 [7m>>> alsa-lib 1.2.7.2 Installing to target[27m
2025-03-27T23:17:52 [7m>>> host-pkgconf 1.6.3 Extracting[27m
2025-03-27T23:17:52 [7m>>> host-pkgconf 1.6.3 Patching[27m
2025-03-27T23:17:52 [7m>>> host-pkgconf 1.6.3 Updating config.sub and config.guess[27m
2025-03-27T23:17:52 [7m>>> host-pkgconf 1.6.3 Patching libtool[27m
2025-03-27T23:17:52 [7m>>> host-pkgconf 1.6.3 Configuring[27m
2025-03-27T23:17:55 [7m>>> host-pkgconf 1.6.3 Building[27m
2025-03-27T23:17:57 [7m>>> host-pkgconf 1.6.3 Installing to host directory[27m
2025-03-27T23:17:57 [7m>>> alsa-plugins 1.2.6 Extracting[27m
2025-03-27T23:17:58 [7m>>> alsa-plugins 1.2.6 Patching[27m
2025-03-27T23:17:58 [7m>>> alsa-plugins 1.2.6 Updating config.sub and config.guess[27m
2025-03-27T23:17:58 [7m>>> alsa-plugins 1.2.6 Patching libtool[27m
2025-03-27T23:17:58 [7m>>> alsa-plugins 1.2.6 Configuring[27m
2025-03-27T23:18:01 [7m>>> alsa-plugins 1.2.6 Building[27m
2025-03-27T23:18:02 [7m>>> alsa-plugins 1.2.6 Installing to target[27m
2025-03-27T23:18:03 [7m>>> alsa-ucm-conf v1.2.6.3 Extracting[27m
2025-03-27T23:18:03 [7m>>> alsa-ucm-conf v1.2.6.3 Patching[27m
2025-03-27T23:18:03 [7m>>> alsa-ucm-conf v1.2.6.3 Configuring[27m
2025-03-27T23:18:03 [7m>>> alsa-ucm-conf v1.2.6.3 Building[27m
2025-03-27T23:18:03 [7m>>> alsa-ucm-conf v1.2.6.3 Installing to target[27m
2025-03-27T23:18:05 [7m>>> host-ncurses 6.1 Extracting[27m
2025-03-27T23:18:05 [7m>>> host-ncurses 6.1 Patching[27m
2025-03-27T23:18:07 [7m>>> host-ncurses 6.1 Updating config.sub and config.guess[27m
2025-03-27T23:18:07 [7m>>> host-ncurses 6.1 Patching libtool[27m
2025-03-27T23:18:07 [7m>>> host-ncurses 6.1 Configuring[27m
2025-03-27T23:18:19 [7m>>> host-ncurses 6.1 Building[27m
2025-03-27T23:18:20 [7m>>> host-ncurses 6.1 Installing to host directory[27m
2025-03-27T23:18:23 [7m>>> ncurses 6.1 Extracting[27m
2025-03-27T23:18:23 [7m>>> ncurses 6.1 Patching[27m
2025-03-27T23:18:25 [7m>>> ncurses 6.1 Updating config.sub and config.guess[27m
2025-03-27T23:18:25 [7m>>> ncurses 6.1 Patching libtool[27m
2025-03-27T23:18:25 [7m>>> ncurses 6.1 Configuring[27m
2025-03-27T23:18:36 [7m>>> ncurses 6.1 Building[27m
2025-03-27T23:18:37 [7m>>> ncurses 6.1 Installing to staging directory[27m
2025-03-27T23:18:38 [7m>>> ncurses 6.1 Fixing package configuration files[27m
2025-03-27T23:18:38 [7m>>> ncurses 6.1 Fixing libtool files[27m
2025-03-27T23:18:38 [7m>>> ncurses 6.1 Installing to target[27m
2025-03-27T23:18:39 [7m>>> alsa-utils 1.2.7 Extracting[27m
2025-03-27T23:18:40 [7m>>> alsa-utils 1.2.7 Patching[27m
2025-03-27T23:18:40 [7m>>> alsa-utils 1.2.7 Updating config.sub and config.guess[27m
2025-03-27T23:18:40 [7m>>> alsa-utils 1.2.7 Configuring[27m
2025-03-27T23:18:40 [7m>>> alsa-utils 1.2.7 Autoreconfiguring[27m
2025-03-27T23:18:46 [7m>>> alsa-utils 1.2.7 Patching libtool[27m
2025-03-27T23:18:50 [7m>>> alsa-utils 1.2.7 Building[27m
2025-03-27T23:18:53 [7m>>> alsa-utils 1.2.7 Installing to staging directory[27m
2025-03-27T23:18:54 [7m>>> alsa-utils 1.2.7 Fixing libtool files[27m
2025-03-27T23:18:54 [7m>>> alsa-utils 1.2.7 Installing to target[27m
2025-03-27T23:18:55 [7m>>> libzlib 1.2.12 Extracting[27m
2025-03-27T23:18:55 [7m>>> libzlib 1.2.12 Patching[27m
2025-03-27T23:18:55 [7m>>> libzlib 1.2.12 Configuring[27m
2025-03-27T23:18:56 [7m>>> libzlib 1.2.12 Building[27m
2025-03-27T23:18:57 [7m>>> libzlib 1.2.12 Installing to staging directory[27m
2025-03-27T23:18:57 [7m>>> libzlib 1.2.12 Fixing libtool files[27m
2025-03-27T23:18:57 [7m>>> libzlib 1.2.12 Installing to target[27m
2025-03-27T23:18:57 [7m>>> zlib  Extracting[27m
2025-03-27T23:18:57 [7m>>> zlib  Patching[27m
2025-03-27T23:18:58 [7m>>> zlib  Configuring[27m
2025-03-27T23:18:58 [7m>>> zlib  Building[27m
2025-03-27T23:18:58 [7m>>> zlib  Installing to target[27m
2025-03-27T23:18:58 [7m>>> libopenssl 1.1.1q Extracting[27m
2025-03-27T23:18:59 [7m>>> libopenssl 1.1.1q Patching[27m
2025-03-27T23:18:59 [7m>>> libopenssl 1.1.1q Configuring[27m
2025-03-27T23:19:00 [7m>>> libopenssl 1.1.1q Building[27m
2025-03-27T23:19:05 [7m>>> libopenssl 1.1.1q Installing to staging directory[27m
2025-03-27T23:19:06 [7m>>> libopenssl 1.1.1q Fixing libtool files[27m
2025-03-27T23:19:06 [7m>>> libopenssl 1.1.1q Installing to target[27m
2025-03-27T23:19:08 [7m>>> openssl  Extracting[27m
2025-03-27T23:19:08 [7m>>> openssl  Patching[27m
2025-03-27T23:19:08 [7m>>> openssl  Configuring[27m
2025-03-27T23:19:09 [7m>>> openssl  Building[27m
2025-03-27T23:19:09 [7m>>> openssl  Installing to target[27m
2025-03-27T23:19:09 [7m>>> android-tools 4.2.2+git20130218 Extracting[27m
2025-03-27T23:19:09 [7m>>> android-tools 4.2.2+git20130218 Patching[27m
2025-03-27T23:19:10 [7m>>> android-tools 4.2.2+git20130218 Configuring[27m
2025-03-27T23:19:10 [7m>>> android-tools 4.2.2+git20130218 Building[27m
2025-03-27T23:19:10 [7m>>> android-tools 4.2.2+git20130218 Installing to target[27m
2025-03-27T23:19:11 [7m>>> host-bison 3.8.2 Extracting[27m
2025-03-27T23:19:11 [7m>>> host-bison 3.8.2 Patching[27m
2025-03-27T23:19:11 [7m>>> host-bison 3.8.2 Updating config.sub and config.guess[27m
2025-03-27T23:19:11 [7m>>> host-bison 3.8.2 Patching libtool[27m
2025-03-27T23:19:11 [7m>>> host-bison 3.8.2 Configuring[27m
2025-03-27T23:19:33 [7m>>> host-bison 3.8.2 Building[27m
2025-03-27T23:19:35 [7m>>> host-bison 3.8.2 Installing to host directory[27m
2025-03-27T23:19:37 [7m>>> readline 8.1.2 Extracting[27m
2025-03-27T23:19:37 [7m>>> readline 8.1.2 Patching[27m
2025-03-27T23:19:37 [7m>>> readline 8.1.2 Updating config.sub and config.guess[27m
2025-03-27T23:19:37 [7m>>> readline 8.1.2 Patching libtool[27m
2025-03-27T23:19:37 [7m>>> readline 8.1.2 Configuring[27m
2025-03-27T23:19:44 [7m>>> readline 8.1.2 Building[27m
2025-03-27T23:19:44 [7m>>> readline 8.1.2 Installing to staging directory[27m
2025-03-27T23:19:44 [7m>>> readline 8.1.2 Fixing libtool files[27m
2025-03-27T23:19:44 [7m>>> readline 8.1.2 Installing to target[27m
2025-03-27T23:19:45 [7m>>> bash 5.1.16 Extracting[27m
2025-03-27T23:19:45 [7m>>> bash 5.1.16 Patching[27m
2025-03-27T23:19:45 [7m>>> bash 5.1.16 Updating config.sub and config.guess[27m
2025-03-27T23:19:45 [7m>>> bash 5.1.16 Patching libtool[27m
2025-03-27T23:19:45 [7m>>> bash 5.1.16 Configuring[27m
2025-03-27T23:20:07 [7m>>> bash 5.1.16 Building[27m
2025-03-27T23:20:11 [7m>>> bash 5.1.16 Installing to target[27m
2025-03-27T23:20:12 [7m>>> gmp 6.2.1 Extracting[27m
2025-03-27T23:20:12 [7m>>> gmp 6.2.1 Patching[27m
2025-03-27T23:20:12 [7m>>> gmp 6.2.1 Updating config.sub and config.guess[27m
2025-03-27T23:20:12 [7m>>> gmp 6.2.1 Patching libtool[27m
2025-03-27T23:20:12 [7m>>> gmp 6.2.1 Configuring[27m
2025-03-27T23:20:30 [7m>>> gmp 6.2.1 Building[27m
2025-03-27T23:20:38 [7m>>> gmp 6.2.1 Installing to staging directory[27m
2025-03-27T23:20:39 [7m>>> gmp 6.2.1 Fixing libtool files[27m
2025-03-27T23:20:39 [7m>>> gmp 6.2.1 Installing to target[27m
2025-03-27T23:20:40 [7m>>> coreutils 9.1 Extracting[27m
2025-03-27T23:20:40 [7m>>> coreutils 9.1 Patching[27m
2025-03-27T23:20:40 [7m>>> coreutils 9.1 Updating config.sub and config.guess[27m
2025-03-27T23:20:40 [7m>>> coreutils 9.1 Patching libtool[27m
2025-03-27T23:20:40 [7m>>> coreutils 9.1 Configuring[27m
2025-03-27T23:21:13 [7m>>> coreutils 9.1 Building[27m
2025-03-27T23:21:15 [7m>>> coreutils 9.1 Installing to target[27m
2025-03-27T23:21:17 [7m>>> host-gperf 3.1 Extracting[27m
2025-03-27T23:21:17 [7m>>> host-gperf 3.1 Patching[27m
2025-03-27T23:21:17 [7m>>> host-gperf 3.1 Updating config.sub and config.guess[27m
2025-03-27T23:21:17 [7m>>> host-gperf 3.1 Patching libtool[27m
2025-03-27T23:21:17 [7m>>> host-gperf 3.1 Configuring[27m
2025-03-27T23:21:20 [7m>>> host-gperf 3.1 Building[27m
2025-03-27T23:21:20 [7m>>> host-gperf 3.1 Installing to host directory[27m
2025-03-27T23:21:21 [7m>>> kmod 29 Extracting[27m
2025-03-27T23:21:21 [7m>>> kmod 29 Patching[27m
2025-03-27T23:21:21 [7m>>> kmod 29 Updating config.sub and config.guess[27m
2025-03-27T23:21:21 [7m>>> kmod 29 Patching libtool[27m
2025-03-27T23:21:21 [7m>>> kmod 29 Configuring[27m
2025-03-27T23:21:28 [7m>>> kmod 29 Building[27m
2025-03-27T23:21:29 [7m>>> kmod 29 Installing to staging directory[27m
2025-03-27T23:21:29 [7m>>> kmod 29 Fixing libtool files[27m
2025-03-27T23:21:29 [7m>>> kmod 29 Installing to target[27m
2025-03-27T23:21:30 [7m>>> util-linux-libs 2.38 Extracting[27m
2025-03-27T23:21:30 [7m>>> util-linux-libs 2.38 Patching[27m
2025-03-27T23:21:30 [7m>>> util-linux-libs 2.38 Updating config.sub and config.guess[27m
2025-03-27T23:21:30 [7m>>> util-linux-libs 2.38 Patching libtool[27m
2025-03-27T23:21:31 [7m>>> util-linux-libs 2.38 Configuring[27m
2025-03-27T23:21:46 [7m>>> util-linux-libs 2.38 Building[27m
2025-03-27T23:21:50 [7m>>> util-linux-libs 2.38 Installing to staging directory[27m
2025-03-27T23:21:51 [7m>>> util-linux-libs 2.38 Fixing libtool files[27m
2025-03-27T23:21:51 [7m>>> util-linux-libs 2.38 Installing to target[27m
2025-03-27T23:21:52 [7m>>> eudev 3.2.11 Extracting[27m
2025-03-27T23:21:52 [7m>>> eudev 3.2.11 Patching[27m
2025-03-27T23:21:52 [7m>>> eudev 3.2.11 Updating config.sub and config.guess[27m
2025-03-27T23:21:52 [7m>>> eudev 3.2.11 Patching libtool[27m
2025-03-27T23:21:52 [7m>>> eudev 3.2.11 Configuring[27m
2025-03-27T23:22:00 [7m>>> eudev 3.2.11 Building[27m
2025-03-27T23:22:03 [7m>>> eudev 3.2.11 Installing to staging directory[27m
2025-03-27T23:22:04 [7m>>> eudev 3.2.11 Fixing libtool files[27m
2025-03-27T23:22:04 [7m>>> eudev 3.2.11 Installing to target[27m
2025-03-27T23:22:05 [7m>>> udev  Extracting[27m
2025-03-27T23:22:05 [7m>>> udev  Patching[27m
2025-03-27T23:22:05 [7m>>> udev  Configuring[27m
2025-03-27T23:22:05 [7m>>> udev  Building[27m
2025-03-27T23:22:05 [7m>>> udev  Installing to target[27m
2025-03-27T23:22:06 [7m>>> dosfstools 4.2 Extracting[27m
2025-03-27T23:22:06 [7m>>> dosfstools 4.2 Patching[27m
2025-03-27T23:22:06 [7m>>> dosfstools 4.2 Updating config.sub and config.guess[27m
2025-03-27T23:22:06 [7m>>> dosfstools 4.2 Patching libtool[27m
2025-03-27T23:22:06 [7m>>> dosfstools 4.2 Configuring[27m
2025-03-27T23:22:09 [7m>>> dosfstools 4.2 Building[27m
2025-03-27T23:22:09 [7m>>> dosfstools 4.2 Installing to target[27m
2025-03-27T23:22:10 [7m>>> util-linux 2.38 Extracting[27m
2025-03-27T23:22:10 [7m>>> util-linux 2.38 Patching[27m
2025-03-27T23:22:10 [7m>>> util-linux 2.38 Updating config.sub and config.guess[27m
2025-03-27T23:22:10 [7m>>> util-linux 2.38 Patching libtool[27m
2025-03-27T23:22:10 [7m>>> util-linux 2.38 Configuring[27m
2025-03-27T23:22:27 [7m>>> util-linux 2.38 Building[27m
2025-03-27T23:22:31 [7m>>> util-linux 2.38 Installing to staging directory[27m
2025-03-27T23:22:32 [7m>>> util-linux 2.38 Fixing libtool files[27m
2025-03-27T23:22:32 [7m>>> util-linux 2.38 Installing to target[27m
2025-03-27T23:22:33 [7m>>> e2fsprogs 1.46.5 Extracting[27m
2025-03-27T23:22:33 [7m>>> e2fsprogs 1.46.5 Patching[27m
2025-03-27T23:22:33 [7m>>> e2fsprogs 1.46.5 Updating config.sub and config.guess[27m
2025-03-27T23:22:33 [7m>>> e2fsprogs 1.46.5 Patching libtool[27m
2025-03-27T23:22:33 [7m>>> e2fsprogs 1.46.5 Configuring[27m
2025-03-27T23:22:46 [7m>>> e2fsprogs 1.46.5 Building[27m
2025-03-27T23:22:50 [7m>>> e2fsprogs 1.46.5 Installing to staging directory[27m
2025-03-27T23:22:50 [7m>>> e2fsprogs 1.46.5 Fixing libtool files[27m
2025-03-27T23:22:50 [7m>>> e2fsprogs 1.46.5 Installing to target[27m
2025-03-27T23:22:52 [7m>>> i2c-tools 4.3 Extracting[27m
2025-03-27T23:22:52 [7m>>> i2c-tools 4.3 Patching[27m
2025-03-27T23:22:52 [7m>>> i2c-tools 4.3 Configuring[27m
2025-03-27T23:22:52 [7m>>> i2c-tools 4.3 Building[27m
2025-03-27T23:22:52 [7m>>> i2c-tools 4.3 Installing to staging directory[27m
2025-03-27T23:22:53 [7m>>> i2c-tools 4.3 Fixing libtool files[27m
2025-03-27T23:22:53 [7m>>> i2c-tools 4.3 Installing to target[27m
2025-03-27T23:22:53 [7m>>> host-cmake 3.22.3 Extracting[27m
2025-03-27T23:22:54 [7m>>> host-cmake 3.22.3 Patching[27m
2025-03-27T23:22:54 [7m>>> host-cmake 3.22.3 Configuring[27m
2025-03-27T23:24:07 [7m>>> host-cmake 3.22.3 Building[27m
2025-03-27T23:25:58 [7m>>> host-cmake 3.22.3 Installing to host directory[27m
2025-03-27T23:25:59 [7m>>> host-ninja 1.10.2.g51db2.kitware.jobserver-1 Extracting[27m
2025-03-27T23:25:59 [7m>>> host-ninja 1.10.2.g51db2.kitware.jobserver-1 Patching[27m
2025-03-27T23:25:59 [7m>>> host-ninja 1.10.2.g51db2.kitware.jobserver-1 Configuring[27m
2025-03-27T23:26:00 [7m>>> host-ninja 1.10.2.g51db2.kitware.jobserver-1 Building[27m
2025-03-27T23:26:01 [7m>>> host-ninja 1.10.2.g51db2.kitware.jobserver-1 Installing to host directory[27m
2025-03-27T23:26:01 [7m>>> host-autoconf-archive 2021.02.19 Extracting[27m
2025-03-27T23:26:02 [7m>>> host-autoconf-archive 2021.02.19 Patching[27m
2025-03-27T23:26:02 [7m>>> host-autoconf-archive 2021.02.19 Updating config.sub and config.guess[27m
2025-03-27T23:26:02 [7m>>> host-autoconf-archive 2021.02.19 Patching libtool[27m
2025-03-27T23:26:02 [7m>>> host-autoconf-archive 2021.02.19 Configuring[27m
2025-03-27T23:26:03 [7m>>> host-autoconf-archive 2021.02.19 Building[27m
2025-03-27T23:26:04 [7m>>> host-autoconf-archive 2021.02.19 Installing to host directory[27m
2025-03-27T23:26:04 [7m>>> host-expat 2.4.8 Extracting[27m
2025-03-27T23:26:05 [7m>>> host-expat 2.4.8 Patching[27m
2025-03-27T23:26:05 [7m>>> host-expat 2.4.8 Updating config.sub and config.guess[27m
2025-03-27T23:26:05 [7m>>> host-expat 2.4.8 Patching libtool[27m
2025-03-27T23:26:05 [7m>>> host-expat 2.4.8 Configuring[27m
2025-03-27T23:26:09 [7m>>> host-expat 2.4.8 Building[27m
2025-03-27T23:26:10 [7m>>> host-expat 2.4.8 Installing to host directory[27m
2025-03-27T23:26:11 [7m>>> host-libffi 3.4.2 Extracting[27m
2025-03-27T23:26:11 [7m>>> host-libffi 3.4.2 Patching[27m
2025-03-27T23:26:11 [7m>>> host-libffi 3.4.2 Updating config.sub and config.guess[27m
2025-03-27T23:26:11 [7m>>> host-libffi 3.4.2 Configuring[27m
2025-03-27T23:26:11 [7m>>> host-libffi 3.4.2 Autoreconfiguring[27m
2025-03-27T23:26:17 [7m>>> host-libffi 3.4.2 Patching libtool[27m
2025-03-27T23:26:21 [7m>>> host-libffi 3.4.2 Building[27m
2025-03-27T23:26:22 [7m>>> host-libffi 3.4.2 Installing to host directory[27m
2025-03-27T23:26:22 [7m>>> host-libzlib 1.2.12 Extracting[27m
2025-03-27T23:26:23 [7m>>> host-libzlib 1.2.12 Patching[27m
2025-03-27T23:26:23 [7m>>> host-libzlib 1.2.12 Configuring[27m
2025-03-27T23:26:24 [7m>>> host-libzlib 1.2.12 Building[27m
2025-03-27T23:26:24 [7m>>> host-libzlib 1.2.12 Installing to host directory[27m
2025-03-27T23:26:25 [7m>>> host-zlib  Extracting[27m
2025-03-27T23:26:25 [7m>>> host-zlib  Patching[27m
2025-03-27T23:26:25 [7m>>> host-zlib  Configuring[27m
2025-03-27T23:26:25 [7m>>> host-zlib  Building[27m
2025-03-27T23:26:25 [7m>>> host-zlib  Installing to host directory[27m
2025-03-27T23:26:26 [7m>>> host-libopenssl 1.1.1q Extracting[27m
2025-03-27T23:26:26 [7m>>> host-libopenssl 1.1.1q Patching[27m
2025-03-27T23:26:27 [7m>>> host-libopenssl 1.1.1q Configuring[27m
2025-03-27T23:26:28 [7m>>> host-libopenssl 1.1.1q Building[27m
2025-03-27T23:26:33 [7m>>> host-libopenssl 1.1.1q Installing to host directory[27m
2025-03-27T23:26:35 [7m>>> host-openssl  Extracting[27m
2025-03-27T23:26:35 [7m>>> host-openssl  Patching[27m
2025-03-27T23:26:35 [7m>>> host-openssl  Configuring[27m
2025-03-27T23:26:35 [7m>>> host-openssl  Building[27m
2025-03-27T23:26:35 [7m>>> host-openssl  Installing to host directory[27m
2025-03-27T23:26:36 [7m>>> host-python3 3.10.5 Extracting[27m
2025-03-27T23:26:38 [7m>>> host-python3 3.10.5 Patching[27m
2025-03-27T23:26:38 [7m>>> host-python3 3.10.5 Updating config.sub and config.guess[27m
2025-03-27T23:26:38 [7m>>> host-python3 3.10.5 Configuring[27m
2025-03-27T23:26:38 [7m>>> host-python3 3.10.5 Autoreconfiguring[27m
2025-03-27T23:26:43 [7m>>> host-python3 3.10.5 Patching libtool[27m
2025-03-27T23:27:04 [7m>>> host-python3 3.10.5 Building[27m
2025-03-27T23:27:06 [7m>>> host-python3 3.10.5 Installing to host directory[27m
2025-03-27T23:27:10 [7m>>> host-python-setuptools 63.2.0 Extracting[27m
2025-03-27T23:27:10 [7m>>> host-python-setuptools 63.2.0 Patching[27m
2025-03-27T23:27:11 [7m>>> host-python-setuptools 63.2.0 Configuring[27m
2025-03-27T23:27:11 [7m>>> host-python-setuptools 63.2.0 Building[27m
2025-03-27T23:27:11 [7m>>> host-python-setuptools 63.2.0 Installing to host directory[27m
2025-03-27T23:27:13 [7m>>> host-meson 0.63.0 Extracting[27m
2025-03-27T23:27:13 [7m>>> host-meson 0.63.0 Patching[27m
2025-03-27T23:27:14 [7m>>> host-meson 0.63.0 Configuring[27m
2025-03-27T23:27:14 [7m>>> host-meson 0.63.0 Building[27m
2025-03-27T23:27:14 [7m>>> host-meson 0.63.0 Installing to host directory[27m
2025-03-27T23:27:16 [7m>>> libunistring 1.0 Extracting[27m
2025-03-27T23:27:17 [7m>>> libunistring 1.0 Patching[27m
2025-03-27T23:27:17 [7m>>> libunistring 1.0 Updating config.sub and config.guess[27m
2025-03-27T23:27:17 [7m>>> libunistring 1.0 Patching libtool[27m
2025-03-27T23:27:17 [7m>>> libunistring 1.0 Configuring[27m
2025-03-27T23:27:30 [7m>>> libunistring 1.0 Building[27m
2025-03-27T23:27:48 [7m>>> libunistring 1.0 Installing to staging directory[27m
2025-03-27T23:27:48 [7m>>> libunistring 1.0 Fixing libtool files[27m
2025-03-27T23:27:48 [7m>>> libunistring 1.0 Installing to target[27m
2025-03-27T23:27:49 [7m>>> libidn2 2.3.2 Extracting[27m
2025-03-27T23:27:50 [7m>>> libidn2 2.3.2 Patching[27m
2025-03-27T23:27:50 [7m>>> libidn2 2.3.2 Updating config.sub and config.guess[27m
2025-03-27T23:27:50 [7m>>> libidn2 2.3.2 Patching libtool[27m
2025-03-27T23:27:50 [7m>>> libidn2 2.3.2 Configuring[27m
2025-03-27T23:28:01 [7m>>> libidn2 2.3.2 Building[27m
2025-03-27T23:28:03 [7m>>> libidn2 2.3.2 Installing to staging directory[27m
2025-03-27T23:28:03 [7m>>> libidn2 2.3.2 Fixing libtool files[27m
2025-03-27T23:28:03 [7m>>> libidn2 2.3.2 Installing to target[27m
2025-03-27T23:28:04 [7m>>> iputils 20211215 Extracting[27m
2025-03-27T23:28:05 [7m>>> iputils 20211215 Patching[27m
2025-03-27T23:28:05 [7m>>> iputils 20211215 Configuring[27m
2025-03-27T23:28:07 [7m>>> iputils 20211215 Building[27m
2025-03-27T23:28:07 [7m>>> iputils 20211215 Installing to target[27m
2025-03-27T23:28:09 [7m>>> busybox 1.35.0 Extracting[27m
2025-03-27T23:28:09 [7m>>> busybox 1.35.0 Patching[27m
2025-03-27T23:28:21 [7m>>> busybox 1.35.0 Configuring[27m
2025-03-27T23:28:21 [7m>>> busybox 1.35.0 Building[27m
Done in 12min 17s  (error code: 2)
Failed to build rockchip_rv1126_rv1109:
2025-03-27T23:28:28 CC      util-linux/mesg.o
2025-03-27T23:28:28 CC      libbb/printable.o
2025-03-27T23:28:28 CC      libbb/printable_string.o
2025-03-27T23:28:28 CC      libbb/process_escape_sequence.o
2025-03-27T23:28:28 CC      libbb/procps.o
2025-03-27T23:28:28 AR      coreutils/lib.a
2025-03-27T23:28:28 CC      util-linux/mkfs_ext2.o
2025-03-27T23:28:28 CC      util-linux/mkfs_vfat.o
2025-03-27T23:28:28 CC      libbb/progress.o
2025-03-27T23:28:28 CC      libbb/ptr_to_globals.o
2025-03-27T23:28:28 CC      util-linux/mkswap.o
2025-03-27T23:28:28 CC      libbb/pw_encrypt.o
2025-03-27T23:28:28 CC      util-linux/more.o
2025-03-27T23:28:28 CC      libbb/read.o
2025-03-27T23:28:28 CC      util-linux/mount.o
2025-03-27T23:28:28 CC      util-linux/mountpoint.o
2025-03-27T23:28:28 CC      libbb/read_key.o
2025-03-27T23:28:28 CC      libbb/read_printf.o
2025-03-27T23:28:28 CC      util-linux/pivot_root.o
2025-03-27T23:28:28 CC      util-linux/rdate.o
2025-03-27T23:28:28 CC      libbb/recursive_action.o
2025-03-27T23:28:28 CC      util-linux/readprofile.o
2025-03-27T23:28:28 CC      libbb/remove_file.o
2025-03-27T23:28:28 CC      util-linux/renice.o
2025-03-27T23:28:28 CC      util-linux/setarch.o
2025-03-27T23:28:28 CC      util-linux/setpriv.o
2025-03-27T23:28:28 CC      libbb/replace.o
2025-03-27T23:28:28 CC      libbb/rtc.o
2025-03-27T23:28:28 CC      util-linux/setsid.o
2025-03-27T23:28:28 CC      util-linux/swaponoff.o
2025-03-27T23:28:28 CC      util-linux/switch_root.o
2025-03-27T23:28:28 CC      libbb/run_shell.o
2025-03-27T23:28:28 CC      util-linux/taskset.o
2025-03-27T23:28:28 CC      util-linux/uevent.o
2025-03-27T23:28:28 CC      libbb/safe_gethostname.o
2025-03-27T23:28:28 CC      libbb/safe_poll.o
2025-03-27T23:28:28 CC      libbb/safe_strncpy.o
2025-03-27T23:28:28 util-linux/mdev.c: In function 'make_device':
2025-03-27T23:28:28 util-linux/mdev.c:787:5: warning: ignoring return value of 'chown', declared with attribute warn_unused_result [-Wunused-result]
2025-03-27T23:28:28 chown(node_name, rule->ugid.uid, rule->ugid.gid);
2025-03-27T23:28:28 ^~~~~~~~~~~~~~~~~~~~~~~~~~~~~~~~~~~~~~~~~~~~~~~~
2025-03-27T23:28:28 util-linux/mdev.c:790:5: warning: ignoring return value of 'symlink', declared with attribute warn_unused_result [-Wunused-result]
2025-03-27T23:28:28 symlink(node_name, "root");
2025-03-27T23:28:28 ^~~~~~~~~~~~~~~~~~~~~~~~~~
2025-03-27T23:28:28 util-linux/mdev.c:797:6: warning: ignoring return value of 'symlink', declared with attribute warn_unused_result [-Wunused-result]
2025-03-27T23:28:28 symlink(node_name, device_name);
2025-03-27T23:28:28 ^~~~~~~~~~~~~~~~~~~~~~~~~~~~~~~
2025-03-27T23:28:28 CC      libbb/safe_write.o
2025-03-27T23:28:28 CC      util-linux/umount.o
2025-03-27T23:28:28 CC      libbb/securetty.o
2025-03-27T23:28:28 CC      libbb/setup_environment.o
2025-03-27T23:28:28 CC      libbb/signals.o
2025-03-27T23:28:28 CC      libbb/single_argv.o
2025-03-27T23:28:28 CC      libbb/simplify_path.o
2025-03-27T23:28:28 CC      libbb/skip_whitespace.o
2025-03-27T23:28:28 CC      libbb/speed_table.o
2025-03-27T23:28:28 CC      libbb/str_tolower.o
2025-03-27T23:28:28 CC      libbb/strrstr.o
2025-03-27T23:28:28 CC      libbb/sysconf.o
2025-03-27T23:28:28 CC      libbb/time.o
2025-03-27T23:28:28 CC      libbb/trim.o
2025-03-27T23:28:28 AR      util-linux/lib.a
2025-03-27T23:28:28 CC      libbb/u_signal_names.o
2025-03-27T23:28:28 CC      libbb/ubi.o
2025-03-27T23:28:28 CC      libbb/udp_io.o
2025-03-27T23:28:28 CC      libbb/unicode.o
2025-03-27T23:28:28 CC      libbb/update_passwd.o
2025-03-27T23:28:28 CC      libbb/utmp.o
2025-03-27T23:28:28 CC      libbb/uuencode.o
2025-03-27T23:28:28 CC      libbb/verror_msg.o
2025-03-27T23:28:28 CC      libbb/vfork_daemon_rexec.o
2025-03-27T23:28:28 CC      libbb/warn_ignoring_args.o
2025-03-27T23:28:28 CC      libbb/wfopen.o
2025-03-27T23:28:28 CC      libbb/wfopen_input.o
2025-03-27T23:28:28 CC      libbb/write.o
2025-03-27T23:28:28 libbb/update_passwd.c: In function 'update_passwd':
2025-03-27T23:28:28 libbb/update_passwd.c:153:3: warning: ignoring return value of 'fchown', declared with attribute warn_unused_result [-Wunused-result]
2025-03-27T23:28:28 fchown(new_fd, sb.st_uid, sb.st_gid);
2025-03-27T23:28:28 ^~~~~~~~~~~~~~~~~~~~~~~~~~~~~~~~~~~~
2025-03-27T23:28:28 CC      libbb/xatonum.o
2025-03-27T23:28:28 CC      libbb/xconnect.o
2025-03-27T23:28:28 CC      libbb/xfunc_die.o
2025-03-27T23:28:28 CC      libbb/xfuncs.o
2025-03-27T23:28:28 CC      libbb/xfuncs_printf.o
2025-03-27T23:28:28 CC      libbb/xgetcwd.o
2025-03-27T23:28:28 CC      libbb/xgethostbyname.o
2025-03-27T23:28:28 CC      libbb/xreadlink.o
2025-03-27T23:28:28 CC      libbb/xrealloc_vector.o
2025-03-27T23:28:28 CC      libbb/xregcomp.o
2025-03-27T23:28:28 AR      libbb/lib.a
2025-03-27T23:28:28 /github/OpenHD-RV1126-OS/prebuilts/gcc/linux-x86/arm/gcc-arm-8.3-2019.03-x86_64-arm-linux-gnueabihf/bin/../lib/gcc/arm-linux-gnueabihf/8.3.0/../../../../arm-linux-gnueabihf/bin/ar terminated with signal 11 [Segmentation fault], core dumped
2025-03-27T23:28:28 scripts/Makefile.build:277: recipe for target 'libbb/lib.a' failed
2025-03-27T23:28:28 make[3]: *** [libbb/lib.a] Error 1
2025-03-27T23:28:28 Makefile:744: recipe for target 'libbb' failed
2025-03-27T23:28:28 make[2]: *** [libbb] Error 2
2025-03-27T23:28:28 package/pkg-generic.mk:309: recipe for target '/github/OpenHD-RV1126-OS/buildroot/output/rockchip_rv1126_rv1109/build/busybox-1.35.0/.stamp_built' failed
2025-03-27T23:28:28 make[1]: *** [/github/OpenHD-RV1126-OS/buildroot/output/rockchip_rv1126_rv1109/build/busybox-1.35.0/.stamp_built] Error 2
2025-03-27T23:28:28 Makefile:88: recipe for target '_all' failed
2025-03-27T23:28:28 make: *** [_all] Error 2
2025-03-27T23:28:28 make: Leaving directory '/github/OpenHD-RV1126-OS/buildroot'
Please check details in /github/OpenHD-RV1126-OS/output/log/2025-03-27_23-13-35/br-rockchip_rv1126_rv1109_2025-03-27_23-16-11.log
Command exited with non-zero status 1
you take 12:19.24 to build buildroot
ERROR: Running /github/OpenHD-RV1126-OS/device/rockchip/common/scripts/mk-rootfs.sh - build_buildroot failed!
ERROR: exit code 1 from line 13:
    /usr/bin/time -f "you take %E to build buildroot" "$SCRIPTS_DIR/mk-buildroot.sh" $RK_BUILDROOT_CFG "$ROOTFS_DIR"
ERROR: call stack:
    mk-rootfs.sh: build_buildroot(13)
    mk-rootfs.sh: build_hook(127)
    mk-rootfs.sh: main(178)
ERROR: Running /github/OpenHD-RV1126-OS/device/rockchip/common/build-hooks/99-all.sh - build_all failed!
ERROR: exit code 1 from line 34:
    "$SCRIPTS_DIR/mk-rootfs.sh"
ERROR: call stack:
    99-all.sh: build_all(34)
    99-all.sh: build_allsave(91)
    99-all.sh: build_hook(118)
    build-helper: try_func(70)
    build-helper: try_hook(99)
    build-helper: source(152)
    99-all.sh: main(128)
ERROR: Running /github/OpenHD-RV1126-OS/device/rockchip/common/build-hooks/99-all.sh - try_func build_hook allsave failed!
ERROR: exit code 1 from line 74:
    build_hook
ERROR: call stack:
    build-helper: try_func(74)
    build-helper: try_hook(99)
    build-helper: source(152)
    99-all.sh: main(128)
ERROR: Running ./build.sh - run_hooks build allsave failed!
ERROR: exit code 1 from line 115:
    /github/OpenHD-RV1126-OS/device/rockchip/common/build-hooks/99-all.sh build allsave
ERROR: call stack:
    build.sh: run_hooks(115)
    build.sh: run_build_hooks(136)
    build.sh: main(339)
    build.sh: main(350)
